2008-05-31 08:00,20.0,-,18.0,88,1015,-,SE,29.6,Clear
2008-05-31 09:00,22.0,-,18.0,78,1016,-,SSE,29.6,Clear
2008-05-31 10:00,23.0,-,17.0,69,1016,-,SSE,27.8,Clear
2008-05-31 11:00,23.0,-,17.0,69,1015,-,SSE,25.9,Clear
2008-05-31 12:00,25.0,-,17.0,61,1015,-,SSE,22.2,Clear
2008-05-31 13:00,26,-,18,51,1015,10,S,22.2,PartlyCloudy
2008-05-31 13:00,26.0,-,18.0,61,1014,-,S,22.2,Clear
2008-05-31 14:00,27.0,27.9,18.0,58,1014,-,S,25.9,Clear
2008-05-31 16:00,25.0,-,18.0,65,1013,-,S,24.1,Clear
2008-06-01 08:00,20.0,-,18.0,88,1015,-,SE,29.6,Clear
2008-06-01 09:00,22.0,-,18.0,78,1016,-,SSE,29.6,Clear
2008-06-01 10:00,23.0,-,17.0,69,1016,-,SSE,27.8,Clear
2008-06-01 11:00,23.0,-,17.0,69,1015,-,SSE,25.9,Clear
2008-06-01 12:00,25.0,-,17.0,61,1015,-,SSE,22.2,Clear
2008-06-01 13:00,26,-,18,51,1015,10,S,22.2,PartlyCloudy
2008-06-01 13:00,26.0,-,18.0,61,1014,-,S,22.2,Clear
2008-06-01 14:00,27.0,27.9,18.0,58,1014,-,S,25.9,Clear
2008-06-01 16:00,25.0,-,18.0,65,1013,-,S,24.1,Clear
2008-06-02 08:00,20.0,-,18.0,88,1014,-,SE,22.2,Clear
2008-06-02 09:00,22.0,-,17.0,73,1014,-,SE,29.6,Clear
2008-06-02 10:00,24.0,-,17.0,65,1015,-,SE,31.5,Clear
2008-06-02 11:00,25.0,-,17.0,61,1015,-,SE,29.6,Clear
2008-06-02 12:00,26.0,-,17.0,57,1014,-,SSE,29.6,Clear
2008-06-02 13:00,27.0,27.7,17.0,54,1013,-,SSE,27.8,Clear
2008-06-02 14:00,27.0,27.7,17.0,54,1012,-,S,22.2,Clear
2008-06-02 15:00,26.0,-,17.0,57,1012,-,S,29.6,Clear
2008-06-02 16:00,25.0,-,18.0,65,1011,-,S,27.8,Clear
2008-06-03 08:00,21.0,-,18.0,83,1014,-,SE,25.9,Clear
2008-06-03 09:00,23.0,-,18.0,73,1015,-,SE,29.6,Clear
2008-06-03 10:00,24.0,-,17.0,65,1015,-,SE,29.6,Clear
2008-06-03 11:00,26.0,-,18.0,61,1014,-,SE,31.5,Clear
2008-06-03 12:00,27.0,27.7,17.0,54,1014,-,SSE,31.5,Clear
2008-06-03 13:00,27,-,17,43,1014,10,S,25.9,PartlyCloudy
2008-06-03 13:00,27.0,27.7,17.0,54,1013,-,S,25.9,Clear
2008-06-03 14:00,27.0,27.7,17.0,54,1012,-,S,24.1,Clear
2008-06-03 15:00,26.0,-,17.0,57,1011,-,SSW,16.7,Clear
2008-06-03 16:00,25.0,-,18.0,65,1011,-,S,18.5,Clear
2008-06-04 08:00,19.0,,17.0,88,1014,10.0,SE,35.2,ScatteredClouds
2008-06-04 09:00,20.0,,17.0,83,1015,10.0,SE,29.6,ScatteredClouds
2008-06-04 10:00,22.0,,17.0,73,1015,10.0,SE,33.3,MostlyCloudy
2008-06-04 11:00,23.0,,17.0,69,1015,10.0,SE,31.5,MostlyCloudy
2008-06-04 12:00,24.0,,17.0,65,1014,10.0,SE,35.2,PartlyCloudy
2008-06-04 13:00,26,,18,52,1014,15,SSE,25.9,PartlyCloudy
2008-06-04 13:00,26.0,,18.0,61,1013,-,SSE,25.9,Clear
2008-06-04 14:00,26.0,,17.0,57,1012,-,SE,29.6,Clear
2008-06-04 15:00,26.0,,17.0,57,1011,-,SSE,29.6,Clear
2008-06-04 16:00,25.0,,18.0,65,1011,-,SSE,29.6,Clear
2008-06-04 17:00,24.0,,17.0,65,1011,-,SSE,25.9,Clear
2008-06-05 08:00,20.0,-,17.0,83,1013,-,SE,33.3,Clear
2008-06-05 09:00,22.0,-,18.0,78,1014,-,SE,33.3,Clear
2008-06-05 10:00,23.0,-,17.0,69,1014,-,SE,27.8,Clear
2008-06-05 11:00,25.0,-,18.0,65,1013,-,SSE,25.9,Clear
2008-06-05 12:00,26.0,-,18.0,61,1013,-,SSE,27.8,Clear
2008-06-05 13:00,27,-,18,48,1014,15,SSE,25.9,PartlyCloudy
2008-06-05 13:00,27.0,27.9,18.0,58,1013,-,SSE,25.9,Clear
2008-06-05 14:00,27.0,27.9,18.0,58,1012,-,S,31.5,Clear
2008-06-05 15:00,26.0,-,18.0,61,1011,-,S,25.9,Clear
2008-06-05 16:00,25.0,-,17.0,61,1011,-,S,24.1,Clear
2008-06-06 08:00,20.0,,17.0,83,1014,10.0,SE,29.6,ScatteredClouds
2008-06-06 09:00,22.0,,18.0,78,1015,-,SE,27.8,Clear
2008-06-06 10:00,23.0,,17.0,69,1015,-,SE,29.6,Clear
2008-06-06 11:00,25.0,,18.0,65,1015,-,SSE,25.9,Clear
2008-06-06 12:00,26.0,,18.0,61,1014,-,SSE,25.9,Clear
2008-06-06 13:00,26,,18,51,1015,15,SSE,27.8,PartlyCloudy
2008-06-06 13:00,26.0,,18.0,61,1014,-,SSE,27.8,Clear
2008-06-06 14:00,26.0,,20.0,69,1013,-,SSE,25.9,Clear
2008-06-06 15:00,26.0,,18.0,61,1012,-,S,25.9,Clear
2008-06-06 16:00,25.0,,17.0,61,1012,-,SSE,24.1,Clear
2008-06-07 08:00,21.0,-,18.0,83,1013,-,SE,25.9,Clear
2008-06-07 09:00,23.0,-,17.0,69,1017,-,SE,24.1,Clear
2008-06-07 10:00,25.0,-,17.0,61,1014,-,SSE,18.5,Clear
2008-06-07 11:00,26.0,-,17.0,57,1014,-,SSE,18.5,Clear
2008-06-07 12:00,27.0,27.7,17.0,54,1013,-,SSE,18.5,Clear
2008-06-07 13:00,28,-,18,46,1014,15,SSW,18.5,PartlyCloudy
2008-06-07 13:00,28.0,28.8,18.0,54,1013,-,SSW,18.5,Clear
2008-06-07 14:00,28.0,28.5,17.0,51,1013,-,S,18.5,Clear
2008-06-07 15:00,26.0,-,17.0,57,1012,-,SW,25.9,Clear
2008-06-07 16:00,26,-,17,48,1013,15,SW,18.5,PartlyCloudy
2008-06-07 16:00,26.0,-,17.0,57,1012,-,SW,18.5,Clear
2008-06-08 08:00,21.0,-,18.0,83,1013,-,SE,25.9,Clear
2008-06-08 09:00,23.0,-,17.0,69,1017,-,SE,24.1,Clear
2008-06-08 10:00,25.0,-,17.0,61,1014,-,SSE,18.5,Clear
2008-06-08 11:00,26.0,-,17.0,57,1014,-,SSE,18.5,Clear
2008-06-08 12:00,27.0,27.7,17.0,54,1013,-,SSE,18.5,Clear
2008-06-08 13:00,28,-,18,46,1014,15,SSW,18.5,PartlyCloudy
2008-06-08 13:00,28.0,28.8,18.0,54,1013,-,SSW,18.5,Clear
2008-06-08 14:00,28.0,28.5,17.0,51,1013,-,S,18.5,Clear
2008-06-08 15:00,26.0,-,17.0,57,1012,-,SW,25.9,Clear
2008-06-08 16:00,26,-,17,48,1013,15,SW,18.5,PartlyCloudy
2008-06-08 16:00,26.0,-,17.0,57,1012,-,SW,18.5,Clear
2008-06-09 08:00,20.0,-,18.0,88,1014,10.0,SE,27.8,MostlyCloudy
2008-06-09 09:00,22.0,-,18.0,78,1015,10.0,ESE,38.9,PartlyCloudy
2008-06-09 10:00,23.0,-,17.0,69,1010,-,SSE,40.7,Clear
2008-06-09 11:00,25.0,-,18.0,65,1015,-,SSE,33.3,Clear
2008-06-09 12:00,26.0,-,18.0,61,1015,-,SSE,37.0,Clear
2008-06-09 13:00,27,-,18,49,1014,15,SE,33.3,PartlyCloudy
2008-06-09 13:00,27.0,27.9,18.0,58,1014,-,SE,33.3,Clear
2008-06-09 14:00,28.0,28.8,18.0,54,1013,-,SE,29.6,Clear
2008-06-09 15:00,27.0,27.7,17.0,54,1012,-,SE,37.0,Clear
2008-06-09 16:00,26.0,-,17.0,57,1011,-,SSE,37.0,Clear
2008-06-10 08:00,20.0,,17.0,83,1013,10.0,SE,33.3,ScatteredClouds
2008-06-10 09:00,22.0,,18.0,78,1014,10.0,SE,31.5,PartlyCloudy
2008-06-10 10:00,23.0,,17.0,69,1015,10.0,SSE,33.3,PartlyCloudy
2008-06-10 11:00,25.0,,18.0,65,1014,-,SSE,33.3,Clear
2008-06-10 12:00,26.0,,18.0,61,1014,-,S,33.3,Clear
2008-06-10 13:00,26,,18,51,1014,15,SSW,25.9,PartlyCloudy
2008-06-10 13:00,26.0,,18.0,61,1013,-,SSW,25.9,Clear
2008-06-10 14:00,25.0,,17.0,61,1013,-,SSW,25.9,Clear
2008-06-10 15:00,24.0,,17.0,65,1012,-,S,25.9,Clear
2008-06-10 16:00,23.0,,17.0,69,1011,-,SSE,37.0,Clear
2008-06-11 08:00,20.0,-,18.0,88,1014,10.0,SE,37.0,MostlyCloudy
2008-06-11 09:00,20.0,-,17.0,83,1014,10.0,SSE,37.0,MostlyCloudy
2008-06-11 10:00,23.0,-,17.0,69,1014,-,SSE,37.0,Clear
2008-06-11 11:00,25.0,-,18.0,65,1014,-,SSE,33.3,Clear
2008-06-11 12:00,26.0,-,18.0,61,1013,-,SE,33.3,Clear
2008-06-11 13:00,27,-,18,50,1014,15,SE,33.3,PartlyCloudy
2008-06-11 13:00,27.0,27.9,18.0,58,1012,-,SE,33.3,Clear
2008-06-11 14:00,27.0,27.9,18.0,58,1012,-,S,25.9,Clear
2008-06-11 15:00,26.0,-,17.0,57,1011,-,S,27.8,Clear
2008-06-11 16:00,25.0,-,17.0,61,1011,-,SSE,33.3,Clear
2008-06-11 17:00,24.0,-,17.0,65,1019,-,S,11.1,Clear
2008-06-12 08:00,20.0,-,18.0,88,1013,10.0,SSE,31.5,ScatteredClouds
2008-06-12 09:00,22.0,-,17.0,73,1014,10.0,SE,33.3,ScatteredClouds
2008-06-12 12:00,25.0,-,17.0,61,1012,10.0,SSE,33.3,ScatteredClouds
2008-06-12 13:00,26,-,17,47,1013,15,S,40.7,PartlyCloudy
2008-06-12 13:00,26.0,-,17.0,57,1012,-,S,40.7,Clear
2008-06-12 14:00,27.0,27.7,17.0,54,1011,-,SSE,29.6,Clear
2008-06-12 15:00,27.0,27.7,17.0,54,1010,-,SSW,29.6,Clear
2008-06-12 16:00,25.0,-,17.0,61,1010,-,SE,33.3,Clear
2008-06-13 08:00,20.0,,17.0,83,1013,-,SE,24.1,Clear
2008-06-13 09:00,20.0,,17.0,83,1014,10.0,SE,25.9,ScatteredClouds
2008-06-13 10:00,21.0,,17.0,78,1014,10.0,SE,27.8,ScatteredClouds
2008-06-13 11:00,23.0,,17.0,69,1013,10.0,SSE,25.9,ScatteredClouds
2008-06-13 12:00,25.0,,18.0,65,1013,-,SSE,25.9,Clear
2008-06-13 13:00,26,,18,55,1013,15,SSE,18.5,PartlyCloudy
2008-06-13 13:00,26.0,,18.0,61,1012,-,SSE,18.5,Clear
2008-06-13 14:00,26.0,,18.0,61,1012,10.0,S,22.2,ScatteredClouds
2008-06-13 15:00,25.0,,18.0,65,1011,10.0,S,22.2,ScatteredClouds
2008-06-13 16:00,24.0,,17.0,65,1011,10.0,S,18.5,ScatteredClouds
2008-06-13 17:00,23.0,,17.0,69,1011,10.0,SSE,25.9,ScatteredClouds
2008-06-14 08:00,20.0,-,17.0,83,1012,10.0,SE,27.8,PartlyCloudy
2008-06-14 09:00,22.0,-,16.0,69,1013,-,SE,25.9,Clear
2008-06-14 10:00,25.0,-,18.0,65,1013,-,SSE,18.5,Clear
2008-06-14 11:00,27.0,27.9,18.0,58,1012,-,SSE,24.1,Clear
2008-06-14 12:00,27.0,27.9,18.0,58,1012,-,SSE,24.1,Clear
2008-06-14 13:00,28,-,18,47,1012,15,SSE,22.2,PartlyCloudy
2008-06-14 13:00,28.0,28.8,18.0,54,1011,-,SSE,22.2,Clear
2008-06-14 14:00,29.0,29.8,18.0,51,1011,-,S,20.4,Clear
2008-06-14 15:00,27.0,27.9,18.0,58,1010,-,SSE,18.5,Clear
2008-06-14 16:00,26.0,-,18.0,61,1010,-,S,16.7,Clear
2008-06-15 12:00,27.0,29.2,22.0,74,1012,10.0,S,31.5,Overcas
2008-06-15 13:00,28.0,28.8,18.0,54,1012,-,SSE,22.2,Clear
2008-06-15 14:00,28.0,28.8,18.0,54,1012,10.0,SSE,25.9,ScatteredClouds
2008-06-15 15:00,26.0,-,17.0,57,1015,10.0,S,22.2,ScatteredClouds
2008-06-15 16:00,25.0,-,17.0,61,1010,-,SSE,25.9,Clear
2008-06-16 08:00,20.0,-,18.0,88,1013,10.0,SE,25.9,Overcas
2008-06-16 09:00,21.0,-,17.0,78,1014,10.0,SSE,22.2,ScatteredClouds
2008-06-16 10:00,22.0,-,17.0,73,1014,10.0,SSE,18.5,ScatteredClouds
2008-06-16 11:00,25.0,-,18.0,65,1014,10.0,SSE,18.5,MostlyCloudy
2008-06-16 12:00,26.0,-,18.0,61,1013,-,SSE,25.9,Clear
2008-06-16 13:00,27,-,18,48,,15,SSE,18.5,Clear
2008-06-16 13:00,27.0,27.9,18.0,58,1013,-,SSE,18.5,Clear
2008-06-16 14:00,28.0,28.8,18.0,54,1012,-,S,14.8,Clear
2008-06-16 15:00,27.0,27.7,17.0,54,1011,-,WSW,14.8,Clear
2008-06-16 16:00,26.0,-,17.0,57,1010,-,WSW,13.0,Clear
2008-06-17 08:00,20.0,-,18.0,88,1015,10.0,SE,29.6,MostlyCloudy
2008-06-17 09:00,21.0,-,18.0,83,1016,10.0,ESE,29.6,ScatteredClouds
2008-06-17 10:00,22.0,-,17.0,73,1016,10.0,SE,29.6,ScatteredClouds
2008-06-17 11:00,23.0,-,18.0,73,1015,10.0,SSE,31.5,ScatteredClouds
2008-06-17 12:00,25.0,-,20.0,74,1014,10.0,SSE,27.8,ScatteredClouds
2008-06-17 13:00,25,-,19,63,1015,15,SSE,33.3,PartlyCloudy
2008-06-17 13:00,25.0,-,19.0,69,1014,-,SSE,33.3,Clear
2008-06-17 14:00,27.0,28.2,19.0,61,1013,-,SSE,29.6,Clear
2008-06-17 15:00,28.0,29.2,19.0,58,1012,-,SSE,25.9,Clear
2008-06-17 16:00,26.0,-,18.0,61,1011,-,SSE,25.9,Clear
2008-06-18 08:00,20.0,-,18.0,88,1014,10.0,SE,25.9,MostlyCloudy
2008-06-18 09:00,20.0,-,18.0,88,1014,10.0,SE,33.3,ScatteredClouds
2008-06-18 10:00,22,-,18,68,1016,15,SE,31.5,PartlyCloudy
2008-06-18 10:00,22.0,-,18.0,78,1014,10.0,SE,31.5,PartlyCloudy
2008-06-18 11:00,24.0,-,19.0,73,1014,-,SSE,31.5,Clear
2008-06-18 12:00,26.0,-,18.0,61,1014,-,SSE,27.8,Clear
2008-06-18 13:00,27,-,18,51,1014,15,SSE,27.8,PartlyCloudy
2008-06-18 13:00,27.0,27.9,18.0,58,1013,-,SSE,27.8,Clear
2008-06-18 14:00,27.0,27.9,18.0,58,1012,-,S,22.2,Clear
2008-06-18 15:00,26.0,-,19.0,65,1011,-,S,18.5,Clear
2008-06-18 16:00,26.0,-,19.0,65,1011,-,SSW,22.2,Clear
2008-06-18 17:00,24.0,-,17.0,65,1011,-,S,22.2,Clear
2008-06-19 08:00,20.0,-,17.0,83,1013,10.0,SE,37.0,ScatteredClouds
2008-06-19 09:00,22.0,-,17.0,73,1013,-,SE,35.2,Clear
2008-06-19 10:00,23.0,-,17.0,69,1014,-,SE,37.0,Clear
2008-06-19 11:00,24.0,-,18.0,69,1014,-,SSE,29.6,Clear
2008-06-19 12:00,26.0,-,18.0,61,1013,-,SE,27.8,Clear
2008-06-19 13:00,27,-,18,49,1013,15,SE,29.6,PartlyCloudy
2008-06-19 13:00,27.0,27.9,18.0,58,1012,-,SE,29.6,Clear
2008-06-19 14:00,27.0,27.9,18.0,58,1011,-,SSE,25.9,Clear
2008-06-19 15:00,26.0,-,18.0,61,1010,-,S,29.6,Clear
2008-06-19 16:00,26.0,-,18.0,61,1010,-,S,27.8,Clear
2008-06-20 08:00,20.0,,17.0,83,1014,10.0,SSE,29.6,MostlyCloudy
2008-06-20 09:00,21.0,,17.0,78,1015,10.0,SE,29.6,ScatteredClouds
2008-06-20 10:00,22.0,,17.0,73,1015,10.0,SE,25.9,ScatteredClouds
2008-06-20 11:00,24.0,,17.0,65,1014,-,SSE,31.5,Clear
2008-06-20 12:00,25.0,,18.0,65,1014,-,SSE,27.8,Clear
2008-06-20 13:00,25,,18,54,1015,13,S,22.2,PartlyCloudy
2008-06-20 13:00,25.0,,18.0,65,1013,-,S,22.2,Clear
2008-06-20 14:00,24.0,,19.0,73,1012,-,S,24.1,Clear
2008-06-20 15:00,24.0,,19.0,73,1011,-,S,24.1,Clear
2008-06-20 16:00,23.0,,19.0,78,1011,-,S,27.8,Clear
2008-06-21 08:00,20.0,,17.0,83,1014,10.0,SSE,24.1,MostlyCloudy
2008-06-21 09:00,21.0,,17.0,78,1015,10.0,SE,31.5,ScatteredClouds
2008-06-21 10:00,23.0,,17.0,69,1015,-,SE,29.6,Clear
2008-06-21 12:00,25.0,,17.0,61,1014,-,SE,29.6,Clear
2008-06-21 13:00,26,,18,54,1014,15,SSE,25.9,PartlyCloudy
2008-06-21 13:00,26.0,,18.0,61,1013,-,SSE,25.9,Clear
2008-06-21 14:00,26.0,,19.0,65,1012,-,S,22.2,Clear
2008-06-21 15:00,25.0,,19.0,69,1011,-,S,27.8,Clear
2008-06-21 16:00,24.0,,18.0,69,1011,-,SSE,22.2,Clear
2008-06-22 08:00,20.0,,17.0,83,1014,10.0,SSE,24.1,MostlyCloudy
2008-06-22 09:00,21.0,,17.0,78,1015,10.0,SE,31.5,ScatteredClouds
2008-06-22 10:00,23.0,,17.0,69,1015,-,SE,29.6,Clear
2008-06-22 12:00,25.0,,17.0,61,1014,-,SE,29.6,Clear
2008-06-22 13:00,26,,18,54,1014,15,SSE,25.9,PartlyCloudy
2008-06-22 13:00,26.0,,18.0,61,1013,-,SSE,25.9,Clear
2008-06-22 14:00,26.0,,19.0,65,1012,-,S,22.2,Clear
2008-06-22 15:00,25.0,,19.0,69,1011,-,S,27.8,Clear
2008-06-22 16:00,24.0,,18.0,69,1011,-,SSE,22.2,Clear
2008-06-23 08:00,20.0,-,18.0,88,1013,10.0,SE,29.6,MostlyCloudy
2008-06-23 09:00,21.0,-,18.0,83,1014,10.0,SE,33.3,MostlyCloudy
2008-06-23 10:00,23.0,-,18.0,73,1014,-,SE,33.3,Clear
2008-06-23 11:00,25.0,-,19.0,69,1013,-,SSE,29.6,Clear
2008-06-23 12:00,25.0,-,18.0,65,1013,-,SSE,31.5,Clear
2008-06-23 13:00,26,-,19,58,1013,15,SSE,25.9,PartlyCloudy
2008-06-23 13:00,26.0,-,19.0,65,1012,-,SSE,25.9,Clear
2008-06-23 14:00,29.0,30.7,20.0,58,1011,-,SSE,20.4,Clear
2008-06-23 15:00,28.0,29.2,19.0,58,1010,-,SSE,25.9,Clear
2008-06-23 16:00,28.0,29.2,19.0,58,1010,-,SSE,25.9,Clear
2008-06-23 17:00,25.0,-,18.0,65,1010,-,SSW,18.5,Clear
2008-06-24 08:00,20.0,-,18.0,88,1015,10.0,SSE,25.9,MostlyCloudy
2008-06-24 09:00,20.0,-,18.0,88,1015,10.0,SE,29.6,ScatteredClouds
2008-06-24 10:00,23.0,-,18.0,73,1015,10.0,SE,27.8,ScatteredClouds
2008-06-24 11:00,24.0,-,18.0,69,1015,10.0,SSE,27.8,ScatteredClouds
2008-06-24 12:00,24.0,-,18.0,69,1014,10.0,SSE,31.5,ScatteredClouds
2008-06-24 13:00,24,-,18,63,1015,13,SE,25.9,PartlyCloudy
2008-06-24 13:00,24.0,-,18.0,69,1014,10.0,SE,25.9,MostlyCloudy
2008-06-24 14:00,26.0,-,19.0,65,1013,10.0,SSE,27.8,MostlyCloudy
2008-06-24 15:00,27.0,28.2,19.0,61,1012,-,S,24.1,Clear
2008-06-24 16:00,27.0,28.2,19.0,61,1012,-,SSE,22.2,Clear
2008-06-25 08:00,20.0,,18.0,88,1014,10.0,SE,25.9,Overcas
2008-06-25 09:00,20.0,,18.0,88,1015,10.0,SE,27.8,MostlyCloudy
2008-06-25 10:00,22.0,,18.0,78,1015,10.0,SE,29.6,MostlyCloudy
2008-06-25 11:00,23.0,,17.0,69,1015,10.0,SSE,31.5,ScatteredClouds
2008-06-25 12:00,24.0,,18.0,69,1014,10.0,SSE,29.6,ScatteredClouds
2008-06-25 13:00,25,,18,57,1015,13,SSE,25.9,PartlyCloudy
2008-06-25 13:00,25.0,,18.0,65,1014,10.0,SSE,25.9,ScatteredClouds
2008-06-25 14:00,25.0,,19.0,69,1013,10.0,S,24.1,ScatteredClouds
2008-06-25 15:00,26.0,,18.0,61,1012,10.0,SSE,22.2,ScatteredClouds
2008-06-25 16:00,25.0,,18.0,65,1012,10.0,SSE,24.1,MostlyCloudy
2008-06-25 17:00,24.0,,18.0,69,1012,10.0,S,20.4,MostlyCloudy
2008-06-26 08:00,20.0,-,18.0,88,1013,-,SE,37.0,Clear
2008-06-26 09:00,22.0,-,18.0,78,1013,-,SE,40.7,Clear
2008-06-26 10:00,24.0,-,18.0,69,1013,-,SE,38.9,Clear
2008-06-26 11:00,26.0,-,18.0,61,1013,-,SE,35.2,Clear
2008-06-26 12:00,28.0,28.8,18.0,54,1012,-,SE,31.5,Clear
2008-06-26 13:00,28,-,18,45,1015,15,S,22.2,Clear
2008-06-26 13:00,28.0,28.8,18.0,54,1012,-,S,22.2,Clear
2008-06-26 14:00,28.0,29.7,20.0,62,1011,-,S,29.6,Clear
2008-06-26 15:00,26.0,-,18.0,61,1010,-,SSE,31.5,Clear
2008-06-26 16:00,25.0,-,19.0,69,1010,-,S,29.6,Clear
2008-06-27 08:00,19.0,,18.0,94,1012,10.0,SE,31.5,ScatteredClouds
2008-06-27 09:00,20.0,,17.0,83,1012,10.0,SE,33.3,ScatteredClouds
2008-06-27 10:00,22.0,,17.0,73,1012,10.0,SSE,37.0,PartlyCloudy
2008-06-27 11:00,24.0,,17.0,65,1012,10.0,SE,33.3,PartlyCloudy
2008-06-27 12:00,25.0,,17.0,61,1011,-,SSE,35.2,Clear
2008-06-27 13:00,26,,17,47,1012,15,SSE,31.5,PartlyCloudy
2008-06-27 13:00,26.0,,17.0,57,1011,-,SSE,31.5,Clear
2008-06-27 14:00,25.0,,19.0,69,1010,-,S,33.3,Clear
2008-06-27 15:00,25.0,,18.0,65,1010,-,S,38.9,Clear
2008-06-27 16:00,25.0,,18.0,65,1010,-,SSE,40.7,Clear
2008-06-28 08:00,20.0,,17.0,83,1013,10.0,SE,29.6,MostlyCloudy
2008-06-28 09:00,21.0,,17.0,78,1013,10.0,SE,31.5,MostlyCloudy
2008-06-28 10:00,22.0,,18.0,78,1014,10.0,SE,35.2,PartlyCloudy
2008-06-28 11:00,24.0,,18.0,69,1014,-,SSE,29.6,Clear
2008-06-28 12:00,24.0,,19.0,73,1013,-,SSE,33.3,Clear
2008-06-28 13:00,25,,19,57,1014,15,SSE,24.1,PartlyCloudy
2008-06-28 13:00,25.0,,19.0,69,1012,-,SSE,24.1,Clear
2008-06-28 14:00,26.0,,18.0,61,1012,-,SSE,25.9,Clear
2008-06-28 15:00,25.0,,17.0,61,1011,-,SSE,25.9,Clear
2008-06-28 16:00,25.0,,17.0,61,1011,-,SSE,29.6,Clear
2008-06-29 08:00,20.0,,17.0,83,1013,10.0,SE,29.6,MostlyCloudy
2008-06-29 09:00,21.0,,17.0,78,1013,10.0,SE,31.5,MostlyCloudy
2008-06-29 10:00,22.0,,18.0,78,1014,10.0,SE,35.2,PartlyCloudy
2008-06-29 11:00,24.0,,18.0,69,1014,-,SSE,29.6,Clear
2008-06-29 12:00,24.0,,19.0,73,1013,-,SSE,33.3,Clear
2008-06-29 13:00,25,,19,57,1014,15,SSE,24.1,PartlyCloudy
2008-06-29 13:00,25.0,,19.0,69,1012,-,SSE,24.1,Clear
2008-06-29 14:00,26.0,,18.0,61,1012,-,SSE,25.9,Clear
2008-06-29 15:00,25.0,,17.0,61,1011,-,SSE,25.9,Clear
2008-06-29 16:00,25.0,,17.0,61,1011,-,SSE,29.6,Clear
2008-06-30 08:00,20.0,,17.0,83,1014,-,SE,27.8,Clear
2008-06-30 09:00,22.0,,17.0,73,1015,-,SE,31.5,Clear
2008-06-30 10:00,23.0,,17.0,69,1015,-,SSE,29.6,Clear
2008-06-30 11:00,24.0,,17.0,65,1015,-,SSE,22.2,Clear
2008-06-30 12:00,25.0,,17.0,61,1014,-,S,18.5,Clear
2008-06-30 13:00,26,,18,51,1014,15,S,20.4,PartlyCloudy
2008-06-30 13:00,26.0,,18.0,61,1013,-,S,20.4,Clear
2008-06-30 14:00,26.0,,20.0,69,1012,-,S,16.7,Clear
2008-06-30 15:00,26.0,,18.0,61,1012,-,SSW,16.7,Clear
2008-06-30 16:00,26.0,,19.0,65,1012,-,SSW,16.7,Clear
2008-07-01 08:00,20.0,-,17.0,83,1015,10.0,ESE,25.9,ScatteredClouds
2008-07-01 09:00,23.0,-,17.0,69,1016,10.0,SE,29.6,MostlyCloudy
2008-07-01 10:00,24.0,-,17.0,65,1016,-,SE,27.8,Clear
2008-07-01 12:00,26.0,-,18.0,61,1014,-,SSE,27.8,Clear
2008-07-01 13:00,28.0,28.8,18.0,54,1014,-,SSE,22.2,Clear
2008-07-01 14:00,28.0,30.2,21.0,66,1013,-,SSE,25.9,Clear
2008-07-01 15:00,28.0,29.7,20.0,62,1012,-,SSE,24.1,Clear
2008-07-01 16:00,27.0,27.9,18.0,58,1011,-,S,18.5,Clear
2008-07-02 08:00,20.0,-,16.0,78,1014,-,SE,29.6,Clear
2008-07-02 09:00,21.0,-,16.0,73,1014,-,SE,33.3,Clear
2008-07-02 10:00,23.0,-,17.0,69,1015,-,SE,35.2,Clear
2008-07-02 11:00,25.0,-,17.0,61,1014,-,SE,27.8,Clear
2008-07-02 12:00,27.0,27.9,18.0,58,1014,-,SE,20.4,Clear
2008-07-02 13:00,26,-,17,49,1015,15,S,25.9,PartlyCloudy
2008-07-02 14:00,26.0,-,19.0,65,1013,-,S,20.4,Clear
2008-07-02 15:00,26.0,-,19.0,65,1012,-,S,18.5,Clear
2008-07-02 16:00,25.0,-,18.0,65,1012,-,SSW,20.4,Clear
2008-07-03 08:00,20.0,-,17.0,83,1016,10.0,SSE,29.6,PartlyCloudy
2008-07-03 09:00,21.0,-,17.0,78,1017,-,SSE,29.6,Clear
2008-07-03 10:00,23.0,-,17.0,69,1017,-,SSE,27.8,Clear
2008-07-03 11:00,25.0,-,17.0,61,1017,-,SSE,31.5,Clear
2008-07-03 12:00,26.0,-,17.0,57,1016,-,SSE,24.1,Clear
2008-07-03 13:00,27,-,18,46,1017,15,S,22.2,PartlyCloudy
2008-07-03 13:00,27.0,27.9,18.0,58,1015,-,S,22.2,Clear
2008-07-03 14:00,28.0,29.7,20.0,62,1015,-,S,18.5,Clear
2008-07-03 15:00,27.0,28.5,20.0,65,1014,-,SSW,16.7,Clear
2008-07-03 16:00,27.0,28.2,19.0,61,1014,-,SSW,20.4,Clear
2008-07-04 08:00,19.0,-,17.0,88,1015,10.0,SE,29.6,PartlyCloudy
2008-07-04 09:00,21.0,-,17.0,78,1016,-,SE,33.3,Clear
2008-07-04 10:00,22.0,-,17.0,73,1016,-,SE,37.0,Clear
2008-07-04 11:00,24.0,-,17.0,65,1016,-,SE,33.3,Clear
2008-07-04 12:00,25.0,-,17.0,61,1015,-,SE,25.9,Clear
2008-07-04 13:00,27,-,18,49,1016,15,SSE,27.8,PartlyCloudy
2008-07-04 13:00,27.0,27.9,18.0,58,1015,-,SSE,27.8,Clear
2008-07-04 14:00,27.0,28.5,20.0,65,1014,-,S,37.0,Clear
2008-07-04 15:00,26.0,-,20.0,69,1013,-,S,31.5,Clear
2008-07-04 16:00,26.0,-,20.0,69,1013,-,S,29.6,Clear
2008-07-05 08:00,19.0,,18.0,94,1014,10.0,SE,27.8,PartlyCloudy
2008-07-05 09:00,21.0,,18.0,83,1015,-,SE,29.6,Clear
2008-07-05 10:00,23.0,,18.0,73,1015,-,SSE,24.1,Clear
2008-07-05 11:00,25.0,,18.0,65,1015,-,SSE,22.2,Clear
2008-07-05 12:00,26.0,,18.0,61,1015,-,S,20.4,Clear
2008-07-05 13:00,26.0,,18.0,61,1014,-,S,20.4,Clear
2008-07-05 14:00,25.0,,17.0,61,1013,-,S,22.2,Clear
2008-07-05 15:00,25.0,,17.0,61,1012,-,SSW,22.2,Clear
2008-07-05 16:00,24.0,,17.0,65,1012,-,S,22.2,Clear
2008-07-06 08:00,19.0,,18.0,94,1014,10.0,SE,27.8,PartlyCloudy
2008-07-06 09:00,21.0,,18.0,83,1015,-,SE,29.6,Clear
2008-07-06 10:00,23.0,,18.0,73,1015,-,SSE,24.1,Clear
2008-07-06 11:00,25.0,,18.0,65,1015,-,SSE,22.2,Clear
2008-07-06 12:00,26.0,,18.0,61,1015,-,S,20.4,Clear
2008-07-06 13:00,26.0,,18.0,61,1014,-,S,20.4,Clear
2008-07-06 14:00,25.0,,17.0,61,1013,-,S,22.2,Clear
2008-07-06 15:00,25.0,,17.0,61,1012,-,SSW,22.2,Clear
2008-07-06 16:00,24.0,,17.0,65,1012,-,S,22.2,Clear
2008-07-07 08:00,20.0,,18.0,88,1014,10.0,SE,29.6,PartlyCloudy
2008-07-07 09:00,22.0,,17.0,73,1015,-,SE,33.3,Clear
2008-07-07 10:00,23.0,,17.0,69,1015,-,SE,29.6,Clear
2008-07-07 11:00,24.0,,17.0,65,1016,-,SSE,31.5,Clear
2008-07-07 12:00,25.0,,18.0,65,1015,10.0,ESE,27.8,ScatteredClouds
2008-07-07 13:00,26,,18,52,1016,15,SSE,27.8,PartlyCloudy
2008-07-07 13:00,26.0,,18.0,61,1015,10.0,SSE,27.8,ScatteredClouds
2008-07-07 14:00,25.0,,17.0,61,1014,10.0,SSE,24.1,MostlyCloudy
2008-07-07 15:00,24.0,,18.0,69,1014,10.0,S,24.1,MostlyCloudy
2008-07-07 16:00,24.0,,18.0,69,1013,10.0,SSE,29.6,ScatteredClouds
2008-07-07 17:00,24.0,,18.0,69,1013,10.0,SSE,18.5,MostlyCloudy
2008-07-07 18:00,22.0,,21.0,94,1013,10.0,SSE,24.1,MostlyCloudy
2008-07-08 08:00,20.0,-,18.0,88,1014,-,SE,29.6,Clear
2008-07-08 09:00,21.0,-,17.0,78,1014,10.0,SE,37.0,PartlyCloudy
2008-07-08 10:00,22.0,-,17.0,73,1014,10.0,SE,40.7,ScatteredClouds
2008-07-08 11:00,23.0,-,17.0,69,1014,10.0,SE,33.3,PartlyCloudy
2008-07-08 12:00,25.0,-,17.0,61,1013,-,SE,35.2,Clear
2008-07-08 13:00,26,-,18,51,1014,15,SE,29.6,PartlyCloudy
2008-07-08 13:00,26.0,-,18.0,61,1013,-,SE,29.6,Clear
2008-07-08 14:00,27.0,27.9,18.0,58,1012,-,S,22.2,Clear
2008-07-08 15:00,27.0,27.9,18.0,58,1011,-,SSE,24.1,Clear
2008-07-08 16:00,26,-,18,56,1012,15,SSW,18.5,PartlyCloudy
2008-07-08 16:00,26.0,-,18.0,61,1011,-,SSW,18.5,Clear
2008-07-09 08:00,20.0,-,16.0,78,1013,-,SE,24.1,Clear
2008-07-09 09:00,22.0,-,17.0,73,1014,-,SSE,25.9,Clear
2008-07-09 10:00,22.0,-,16.0,69,1014,-,SE,24.1,Clear
2008-07-09 11:00,25.0,-,17.0,61,1014,-,SSE,18.5,Clear
2008-07-09 12:00,26.0,-,18.0,61,1014,-,S,22.2,Clear
2008-07-09 13:00,27,-,18,49,1014,15,SSW,14.8,PartlyCloudy
2008-07-09 13:00,27.0,27.9,18.0,58,1013,-,SSW,14.8,Clear
2008-07-09 14:00,27.0,27.9,18.0,58,1013,-,S,16.7,Clear
2008-07-09 15:00,27.0,27.9,18.0,58,1012,-,S,22.2,Clear
2008-07-09 16:00,26.0,-,18.0,61,1012,-,S,20.4,Clear
2008-07-10 08:00,21.0,-,17.0,78,1015,10.0,SE,29.6,Overcas
2008-07-10 09:00,22.0,-,17.0,73,1016,10.0,SE,31.5,ScatteredClouds
2008-07-10 10:00,22.0,-,17.0,73,1016,10.0,SE,29.6,ScatteredClouds
2008-07-10 11:00,24.0,-,17.0,65,1016,10.0,SE,29.6,MostlyCloudy
2008-07-10 12:00,26.0,-,18.0,61,1015,-,SE,29.6,Clear
2008-07-10 13:00,28,-,19,49,1015,15,SE,25.9,PartlyCloudy
2008-07-10 14:00,28.0,29.7,20.0,62,1014,-,S,22.2,Clear
2008-07-10 15:00,28.0,30.2,21.0,66,1013,-,S,20.4,Clear
2008-07-10 16:00,27.0,27.9,18.0,58,1012,-,S,18.5,Clear
2008-07-11 08:00,21.0,-,17.0,78,1016,-,SE,31.5,Clear
2008-07-11 09:00,22.0,-,16.0,69,1016,-,SE,33.3,Clear
2008-07-11 10:00,23.0,-,17.0,69,1016,-,SSE,35.2,Clear
2008-07-11 11:00,25.0,-,17.0,61,1016,-,SSE,24.1,Clear
2008-07-11 12:00,27.0,27.9,18.0,58,1015,-,SSE,22.2,Clear
2008-07-11 13:00,28,-,18,45,1016,15,S,18.5,PartlyCloudy
2008-07-11 13:00,28.0,28.8,18.0,54,1014,-,S,18.5,Clear
2008-07-11 14:00,28.0,28.8,18.0,54,1014,-,SSW,22.2,Clear
2008-07-11 15:00,28.0,28.8,18.0,54,1013,-,SSW,20.4,Clear
2008-07-11 16:00,26.0,-,19.0,65,1013,-,S,18.5,Clear
2008-07-12 08:00,19.0,,17.0,88,1017,10.0,SE,20.4,MostlyCloudy
2008-07-12 09:00,21.0,,17.0,78,1017,10.0,SE,35.2,ScatteredClouds
2008-07-12 10:00,22.0,,17.0,73,1017,10.0,SE,33.3,ScatteredClouds
2008-07-12 11:00,23.0,,17.0,69,1017,10.0,SE,29.6,ScatteredClouds
2008-07-12 12:00,25.0,,18.0,65,1016,10.0,SE,31.5,ScatteredClouds
2008-07-12 13:00,26,,18,54,1016,15,SSE,25.9,PartlyCloudy
2008-07-12 13:00,26.0,,18.0,61,1015,-,SSE,25.9,Clear
2008-07-12 14:00,26.0,,18.0,61,1014,-,SSE,22.2,Clear
2008-07-12 16:00,25.0,,18.0,65,1012,-,S,22.2,Clear
2008-07-13 08:00,19.0,,17.0,88,1017,10.0,SE,20.4,MostlyCloudy
2008-07-13 09:00,21.0,,17.0,78,1017,10.0,SE,35.2,ScatteredClouds
2008-07-13 10:00,22.0,,17.0,73,1017,10.0,SE,33.3,ScatteredClouds
2008-07-13 11:00,23.0,,17.0,69,1017,10.0,SE,29.6,ScatteredClouds
2008-07-13 12:00,25.0,,18.0,65,1016,10.0,SE,31.5,ScatteredClouds
2008-07-13 13:00,26,,18,54,1016,15,SSE,25.9,PartlyCloudy
2008-07-13 13:00,26.0,,18.0,61,1015,-,SSE,25.9,Clear
2008-07-13 14:00,26.0,,18.0,61,1014,-,SSE,22.2,Clear
2008-07-13 16:00,25.0,,18.0,65,1012,-,S,22.2,Clear
2008-07-14 09:00,21.0,-,17.0,78,1014,-,SSE,24.1,Clear
2008-07-14 10:00,22.0,-,17.0,73,1014,-,SSE,16.7,Clear
2008-07-14 11:00,26.0,-,18.0,61,1014,-,S,13.0,Clear
2008-07-14 12:00,27.0,27.7,17.0,54,1014,-,S,13.0,Clear
2008-07-14 13:00,28,-,18,46,1014,15,WSW,16.7,PartlyCloudy
2008-07-14 13:00,28.0,28.8,18.0,54,1013,-,WSW,16.7,Clear
2008-07-14 14:00,28.0,29.2,19.0,58,1012,-,SSW,16.7,Clear
2008-07-14 15:00,27.0,27.9,18.0,58,1012,-,SW,13.0,Clear
2008-07-14 16:00,26.0,-,19.0,65,1011,-,SW,14.8,Clear
2008-07-15 08:00,21.0,-,18.0,83,1014,-,SE,24.1,Clear
2008-07-15 09:00,23.0,-,19.0,78,1015,-,SE,29.6,Clear
2008-07-15 10:00,25.0,-,19.0,69,1015,-,SE,27.8,Clear
2008-07-15 11:00,27.0,28.2,19.0,61,1015,-,SSE,24.1,Clear
2008-07-15 12:00,27.0,28.2,19.0,61,1014,-,S,16.7,Clear
2008-07-15 13:00,28.0,29.2,19.0,58,1013,-,S,20.4,Clear
2008-07-15 14:00,28.0,29.2,19.0,58,1012,-,S,20.4,Clear
2008-07-15 15:00,27.0,28.2,19.0,61,1012,-,SSW,24.1,Clear
2008-07-15 16:00,26.0,-,19.0,65,1012,-,S,20.4,Clear
2008-07-16 08:00,20.0,-,18.0,88,1015,10.0,SE,29.6,MostlyCloudy
2008-07-16 09:00,22.0,-,19.0,83,1016,10.0,SE,35.2,MostlyCloudy
2008-07-16 10:00,25.0,-,19.0,69,1016,-,SE,37.0,Clear
2008-07-16 11:00,26.0,-,18.0,61,1016,-,SE,27.8,Clear
2008-07-16 12:00,26.0,-,19.0,65,1016,-,SSE,29.6,Clear
2008-07-16 13:00,28,-,19,48,1016,15,SSE,24.1,PartlyCloudy
2008-07-16 13:00,28.0,29.2,19.0,58,1015,-,SSE,24.1,Clear
2008-07-16 14:00,28.0,28.8,18.0,54,1014,-,SSE,24.1,Clear
2008-07-16 15:00,29.0,29.8,18.0,51,1013,-,S,22.2,Clear
2008-07-16 16:00,27.0,27.9,18.0,58,1012,-,S,25.9,Clear
2008-07-17 08:00,20.0,-,17.0,83,1015,10.0,SE,27.8,MostlyCloudy
2008-07-17 10:00,23.0,-,18.0,73,1016,-,SE,29.6,Clear
2008-07-17 11:00,25.0,-,18.0,65,1016,-,SE,35.2,Clear
2008-07-17 12:00,26.0,-,18.0,61,1015,-,SE,27.8,Clear
2008-07-17 13:00,28,-,19,48,1015,15,SE,27.8,PartlyCloudy
2008-07-17 13:00,28.0,29.2,19.0,58,1014,-,SE,27.8,Clear
2008-07-17 14:00,28.0,28.8,18.0,54,1014,-,SSE,20.4,Clear
2008-07-17 15:00,29.0,29.8,18.0,51,1013,-,S,24.1,Clear
2008-07-17 16:00,27.0,28.2,19.0,61,1012,-,S,22.2,Clear
2008-07-18 08:00,20.0,-,17.0,83,1014,-,ESE,27.8,Clear
2008-07-18 09:00,21.0,-,17.0,78,1015,10.0,SSE,29.6,PartlyCloudy
2008-07-18 10:00,24.0,-,18.0,69,1015,-,SE,25.9,Clear
2008-07-18 11:00,24.0,-,18.0,69,1014,-,SSE,25.9,Clear
2008-07-18 12:00,25.0,-,19.0,69,1013,-,SSE,25.9,Clear
2008-07-18 13:00,26,-,19,58,1014,15,S,20.4,PartlyCloudy
2008-07-18 13:00,26.0,-,19.0,65,1012,-,S,20.4,Clear
2008-07-18 14:00,28.0,29.2,19.0,58,1012,-,S,25.9,Clear
2008-07-18 15:00,28.0,28.8,18.0,54,1011,-,SSW,18.5,Clear
2008-07-18 16:00,29.0,30.3,19.0,55,1010,-,S,24.1,Clear
2008-07-18 17:00,26.0,-,18.0,61,1010,-,SSW,24.1,Clear
2008-07-19 08:00,20.0,-,18.0,88,1013,10.0,SSE,20.4,MostlyCloudy
2008-07-19 09:00,22.0,-,18.0,78,1013,-,SSE,22.2,Clear
2008-07-19 10:00,23.0,-,17.0,69,1013,-,SSE,22.2,Clear
2008-07-19 11:00,25.0,-,17.0,61,1013,-,S,20.4,Clear
2008-07-19 12:00,26.0,-,17.0,57,1012,-,S,18.5,Clear
2008-07-19 13:00,27,-,17,47,1013,15,SSW,18.5,PartlyCloudy
2008-07-19 13:00,27.0,27.7,17.0,54,1012,-,SSW,18.5,Clear
2008-07-19 14:00,27.0,27.7,17.0,54,1011,-,SSW,14.8,Clear
2008-07-19 16:00,25,-,17,51,1011,15,SSW,14.8,PartlyCloudy
2008-07-19 16:00,25.0,-,17.0,61,1010,-,SSW,14.8,Clear
2008-07-20 08:00,20.0,-,18.0,88,1013,10.0,SSE,20.4,MostlyCloudy
2008-07-20 09:00,22.0,-,18.0,78,1013,-,SSE,22.2,Clear
2008-07-20 10:00,23.0,-,17.0,69,1013,-,SSE,22.2,Clear
2008-07-20 11:00,25.0,-,17.0,61,1013,-,S,20.4,Clear
2008-07-20 12:00,26.0,-,17.0,57,1012,-,S,18.5,Clear
2008-07-20 13:00,27,-,17,47,1013,15,SSW,18.5,PartlyCloudy
2008-07-20 13:00,27.0,27.7,17.0,54,1012,-,SSW,18.5,Clear
2008-07-20 14:00,27.0,27.7,17.0,54,1011,-,SSW,14.8,Clear
2008-07-20 16:00,25,-,17,51,1011,15,SSW,14.8,PartlyCloudy
2008-07-20 16:00,25.0,-,17.0,61,1010,-,SSW,14.8,Clear
2008-07-21 08:00,22.0,-,17.0,73,1013,-,SE,29.6,Clear
2008-07-21 09:00,23.0,-,17.0,69,1014,-,SE,29.6,Clear
2008-07-21 10:00,24.0,-,18.0,69,1014,-,SSE,27.8,Clear
2008-07-21 11:00,24.0,-,19.0,73,1014,-,S,29.6,Clear
2008-07-21 12:00,26.0,-,19.0,65,1013,-,SSE,33.3,Clear
2008-07-21 13:00,27,-,19,55,1014,15,SSE,29.6,PartlyCloudy
2008-07-21 13:00,27.0,28.2,19.0,61,1013,-,SSE,29.6,Clear
2008-07-21 14:00,28.0,29.2,19.0,58,1012,-,S,33.3,Clear
2008-07-21 15:00,28.0,29.2,19.0,58,1011,-,S,25.9,Clear
2008-07-21 16:00,27.0,28.2,19.0,61,1010,-,S,25.9,Clear
2008-07-22 08:00,20.0,-,18.0,88,1013,10.0,SE,35.2,MostlyCloudy
2008-07-22 09:00,20.0,-,17.0,83,1014,10.0,SE,31.5,MostlyCloudy
2008-07-22 10:00,22.0,-,17.0,73,1014,10.0,SSE,29.6,MostlyCloudy
2008-07-22 11:00,23.0,-,18.0,73,1013,10.0,SSE,31.5,MostlyCloudy
2008-07-22 12:00,25.0,-,18.0,65,1012,-,SSE,27.8,Clear
2008-07-22 13:00,27,-,19,54,1013,15,S,27.8,PartlyCloudy
2008-07-22 13:00,27.0,28.2,19.0,61,1012,-,S,27.8,Clear
2008-07-22 14:00,28.0,29.2,19.0,58,1011,-,S,24.1,Clear
2008-07-22 15:00,28.0,29.2,19.0,58,1011,-,S,24.1,Clear
2008-07-22 16:00,26.0,-,18.0,61,1010,-,S,24.1,Clear
2008-07-23 08:00,20.0,-,18.0,88,1013,-,ESE,35.2,Clear
2008-07-23 09:00,21.0,-,17.0,78,1013,-,SE,31.5,Clear
2008-07-23 10:00,22.0,-,17.0,73,1014,10.0,SE,31.5,ScatteredClouds
2008-07-23 11:00,23.0,-,18.0,73,1014,10.0,SSE,31.5,ScatteredClouds
2008-07-23 12:00,24.0,-,18.0,69,1013,10.0,SE,29.6,ScatteredClouds
2008-07-23 13:00,25.0,-,18.0,65,1012,10.0,SSE,25.9,ScatteredClouds
2008-07-23 14:00,27.0,28.2,19.0,61,1011,-,SSE,20.4,Clear
2008-07-23 15:00,26.0,-,19.0,65,1010,-,S,20.4,Clear
2008-07-23 16:00,26.0,-,19.0,65,1010,-,SSW,22.2,Clear
2008-07-24 08:00,19.0,-,18.0,94,1014,10.0,SE,33.3,MostlyCloudy
2008-07-24 09:00,20.0,-,17.0,83,1014,10.0,SSE,29.6,MostlyCloudy
2008-07-24 10:00,21.0,-,17.0,78,1014,10.0,SSE,25.9,MostlyCloudy
2008-07-24 11:00,24.0,-,19.0,73,1013,-,SSE,27.8,Clear
2008-07-24 12:00,26.0,-,19.0,65,1013,-,SSE,25.9,Clear
2008-07-24 13:00,27,-,19,52,1014,15,S,22.2,PartlyCloudy
2008-07-24 13:00,27.0,28.2,19.0,61,1013,-,S,22.2,Clear
2008-07-24 15:00,28.0,29.2,19.0,58,1011,-,SSW,22.2,Clear
2008-07-24 16:00,26.0,-,19.0,65,1011,-,S,20.4,Clear
2008-07-24 17:00,25.0,-,18.0,65,1011,-,SSE,24.1,Clear
2008-07-25 08:00,20.0,-,18.0,88,1014,10.0,SSE,33.3,PartlyCloudy
2008-07-25 09:00,21.0,-,17.0,78,1014,10.0,SE,33.3,ScatteredClouds
2008-07-25 10:00,23.0,-,17.0,69,1015,10.0,SSE,33.3,ScatteredClouds
2008-07-25 11:00,24.0,-,18.0,69,1015,-,SSE,27.8,Clear
2008-07-25 12:00,25.0,-,18.0,65,1015,-,S,27.8,Clear
2008-07-25 13:00,26,-,17,49,1014,15,SSE,27.8,PartlyCloudy
2008-07-25 13:00,26.0,-,17.0,57,1013,-,SSE,27.8,Clear
2008-07-25 14:00,27.0,27.9,18.0,58,1013,-,S,25.9,Clear
2008-07-25 15:00,25.0,-,17.0,61,1012,-,S,22.2,Clear
2008-07-25 16:00,24.0,-,17.0,65,1011,-,S,25.9,Clear
2008-07-26 08:00,20.0,,17.0,83,1014,-,SSE,27.8,Clear
2008-07-26 09:00,21.0,,17.0,78,1014,-,SE,29.6,Clear
2008-07-26 10:00,23.0,,17.0,69,1014,-,SSE,27.8,Clear
2008-07-26 11:00,24.0,,17.0,65,1013,-,SE,25.9,Clear
2008-07-26 12:00,25.0,,17.0,61,1013,-,SSE,24.1,Clear
2008-07-26 13:00,26,,17,48,1013,15,SSE,25.9,PartlyCloudy
2008-07-26 13:00,26.0,,17.0,57,1012,-,SSE,25.9,Clear
2008-07-26 14:00,26.0,,17.0,57,1011,-,S,22.2,Clear
2008-07-26 15:00,25.0,,17.0,61,1010,-,SSW,22.2,Clear
2008-07-26 16:00,25.0,,17.0,61,1010,-,SSW,24.1,Clear
2008-07-27 08:00,20.0,,17.0,83,1014,-,SSE,27.8,Clear
2008-07-27 09:00,21.0,,17.0,78,1014,-,SE,29.6,Clear
2008-07-27 10:00,23.0,,17.0,69,1014,-,SSE,27.8,Clear
2008-07-27 11:00,24.0,,17.0,65,1013,-,SE,25.9,Clear
2008-07-27 12:00,25.0,,17.0,61,1013,-,SSE,24.1,Clear
2008-07-27 13:00,26,,17,48,1013,15,SSE,25.9,PartlyCloudy
2008-07-27 13:00,26.0,,17.0,57,1012,-,SSE,25.9,Clear
2008-07-27 14:00,26.0,,17.0,57,1011,-,S,22.2,Clear
2008-07-27 15:00,25.0,,17.0,61,1010,-,SSW,22.2,Clear
2008-07-27 16:00,25.0,,17.0,61,1010,-,SSW,24.1,Clear
2008-07-28 08:00,20.0,-,17.0,83,1014,-,SE,29.6,Clear
2008-07-28 09:00,21.0,-,17.0,78,1014,-,SE,31.5,Clear
2008-07-28 10:00,22.0,-,17.0,73,1015,-,SE,37.0,Clear
2008-07-28 11:00,24.0,-,17.0,65,1015,-,SSE,31.5,Clear
2008-07-28 12:00,26.0,-,17.0,57,1014,-,SE,29.6,Clear
2008-07-28 13:00,26,-,17,49,1015,15,S,27.8,PartlyCloudy
2008-07-28 13:00,26.0,-,17.0,57,1014,-,S,27.8,Clear
2008-07-28 14:00,27.0,27.7,17.0,54,1013,-,S,22.2,Clear
2008-07-28 15:00,27.0,27.7,17.0,54,1011,-,SSE,22.2,Clear
2008-07-28 16:00,26.0,-,19.0,65,1011,-,S,22.2,Clear
2008-07-29 08:00,21.0,-,17.0,78,1015,-,SE,35.2,Clear
2008-07-29 09:00,21.0,-,16.0,73,1016,-,SE,33.3,Clear
2008-07-29 10:00,23.0,-,17.0,69,1016,-,SE,31.5,Clear
2008-07-29 11:00,24.0,-,17.0,65,1016,-,SSE,27.8,Clear
2008-07-29 12:00,25.0,-,17.0,61,1015,-,SSE,24.1,Clear
2008-07-29 13:00,25,-,17,54,1015,15,S,27.8,PartlyCloudy
2008-07-29 13:00,25.0,-,17.0,61,1014,-,S,27.8,Clear
2008-07-29 14:00,27.0,27.9,18.0,58,1014,-,S,25.9,Clear
2008-07-29 15:00,27.0,27.9,18.0,58,1013,-,S,25.9,Clear
2008-07-29 16:00,25,-,18,53,1014,15,S,22.2,PartlyCloudy
2008-07-29 16:00,25.0,-,18.0,65,1012,-,S,22.2,Clear
2008-07-30 08:00,20.0,,17.0,83,1015,10.0,SE,27.8,MostlyCloudy
2008-07-30 09:00,21.0,,16.0,73,1016,10.0,SE,25.9,ScatteredClouds
2008-07-30 10:00,22.0,,17.0,73,1016,10.0,SSE,24.1,ScatteredClouds
2008-07-30 11:00,23.0,,17.0,69,1016,10.0,SSE,29.6,ScatteredClouds
2008-07-30 12:00,24.0,,17.0,65,1015,10.0,S,27.8,PartlyCloudy
2008-07-30 13:00,25,,17,51,1016,15,S,20.4,PartlyCloudy
2008-07-30 13:00,25.0,,17.0,61,1014,-,S,20.4,Clear
2008-07-30 14:00,26.0,,18.0,61,1014,-,SSE,27.8,Clear
2008-07-30 15:00,26.0,,18.0,61,1013,-,S,18.5,Clear
2008-07-30 16:00,25.0,,18.0,65,1012,-,SSW,14.8,Clear
2008-07-31 09:00,21.0,,17.0,78,1015,-,ESE,37.0,Clear
2008-07-31 11:00,23.0,,17.0,69,1015,-,SSE,31.5,Clear
2008-07-31 12:00,24.0,,17.0,65,1014,-,SSE,35.2,Clear
2008-07-31 13:00,26,,17,51,1015,15,SSE,29.6,PartlyCloudy
2008-07-31 15:00,26.0,,18.0,61,1012,-,SSW,16.7,Clear
2008-07-31 16:00,25.0,,17.0,61,1011,-,SSW,22.2,Clear
2008-08-01 08:00,20.0,,17.0,83,1013,10.0,SE,35.2,MostlyCloudy
2008-08-01 09:00,20.0,,17.0,83,1014,10.0,SE,20.4,ScatteredClouds
2008-08-01 10:00,21.0,,17.0,78,1015,10.0,SE,33.3,ScatteredClouds
2008-08-01 11:00,22.0,,17.0,73,1015,10.0,SSE,33.3,ScatteredClouds
2008-08-01 12:00,24.0,,17.0,65,1014,10.0,SSE,42.6,ScatteredClouds
2008-08-01 13:00,24,,17,53,1014,15,SSE,37.0,PartlyCloudy
2008-08-01 13:00,25.0,,17.0,61,1013,10.0,SSE,37.0,ScatteredClouds
2008-08-01 14:00,26.0,,18.0,61,1012,10.0,SSE,40.7,ScatteredClouds
2008-08-01 15:00,25.0,,18.0,65,1011,10.0,SSE,37.0,ScatteredClouds
2008-08-01 16:00,25.0,,18.0,65,1011,10.0,ESE,40.7,ScatteredClouds
2008-08-02 08:00,20.0,,17.0,83,1012,10.0,SE,25.9,ScatteredClouds
2008-08-02 09:00,21.0,,17.0,78,1013,10.0,SE,29.6,ScatteredClouds
2008-08-02 10:00,22.0,,17.0,73,1013,10.0,SE,25.9,ScatteredClouds
2008-08-02 11:00,22.0,,17.0,73,1014,10.0,SE,24.1,ScatteredClouds
2008-08-02 12:00,23.0,,17.0,69,1013,10.0,SE,33.3,ScatteredClouds
2008-08-02 13:00,24,,17,54,1013,15,S,22.2,PartlyCloudy
2008-08-02 13:00,24.0,,17.0,65,1012,10.0,S,22.2,ScatteredClouds
2008-08-02 14:00,25.0,,18.0,65,1012,10.0,S,27.8,ScatteredClouds
2008-08-02 15:00,24.0,,18.0,69,1011,10.0,S,24.1,ScatteredClouds
2008-08-02 16:00,24.0,,18.0,69,1011,10.0,S,25.9,ScatteredClouds
2008-08-03 08:00,20.0,,17.0,83,1012,10.0,SE,25.9,ScatteredClouds
2008-08-03 09:00,21.0,,17.0,78,1013,10.0,SE,29.6,ScatteredClouds
2008-08-03 10:00,22.0,,17.0,73,1013,10.0,SE,25.9,ScatteredClouds
2008-08-03 11:00,22.0,,17.0,73,1014,10.0,SE,24.1,ScatteredClouds
2008-08-03 12:00,23.0,,17.0,69,1013,10.0,SE,33.3,ScatteredClouds
2008-08-03 13:00,24,,17,54,1013,15,S,22.2,PartlyCloudy
2008-08-03 13:00,24.0,,17.0,65,1012,10.0,S,22.2,ScatteredClouds
2008-08-03 14:00,25.0,,18.0,65,1012,10.0,S,27.8,ScatteredClouds
2008-08-03 15:00,24.0,,18.0,69,1011,10.0,S,24.1,ScatteredClouds
2008-08-03 16:00,24.0,,18.0,69,1011,10.0,S,25.9,ScatteredClouds
2008-08-04 08:00,20.0,-,17.0,83,1013,-,SE,29.6,Clear
2008-08-04 09:00,22.0,-,17.0,73,1014,-,SE,31.5,Clear
2008-08-04 10:00,24.0,-,18.0,69,1013,-,SSE,25.9,Clear
2008-08-04 11:00,25.0,-,18.0,65,1013,-,S,25.9,Clear
2008-08-04 12:00,26.0,-,18.0,61,1013,-,SSE,27.8,Clear
2008-08-04 13:00,27,-,18,51,1014,15,SSE,37.0,PartlyCloudy
2008-08-04 13:00,27.0,27.9,18.0,58,1012,-,SSE,37.0,Clear
2008-08-04 14:00,27.0,27.9,18.0,58,1012,-,S,25.9,Clear
2008-08-04 15:00,28.0,29.2,19.0,58,1011,-,S,29.6,Clear
2008-08-04 16:00,27.0,28.2,19.0,61,1010,-,S,16.7,Clear
2008-08-05 08:00,20.0,-,17.0,83,1011,-,SE,33.3,Clear
2008-08-05 09:00,21.0,-,17.0,78,1012,-,SSE,35.2,Clear
2008-08-05 11:00,23.0,-,18.0,73,1012,-,SSE,22.2,Clear
2008-08-05 12:00,26.0,-,19.0,65,1012,-,SSE,31.5,Clear
2008-08-05 13:00,26,-,19,54,1013,15,SSE,22.2,PartlyCloudy
2008-08-05 13:00,26.0,-,19.0,65,1012,-,SSE,22.2,Clear
2008-08-05 14:00,27.0,28.2,19.0,61,1011,-,SSW,22.2,Clear
2008-08-05 15:00,27.0,28.2,19.0,61,1010,-,SSW,14.8,Clear
2008-08-05 16:00,26.0,-,19.0,65,1010,-,S,16.7,Clear
2008-08-06 08:00,20.0,-,17.0,83,1013,-,SE,24.1,Clear
2008-08-06 09:00,22.0,-,17.0,73,1014,-,SSE,31.5,Clear
2008-08-06 10:00,23.0,-,17.0,69,1014,-,SSE,27.8,Clear
2008-08-06 11:00,25.0,-,17.0,61,1013,-,SSE,38.9,Clear
2008-08-06 12:00,26.0,-,18.0,61,1013,-,SE,25.9,Clear
2008-08-06 13:00,28,-,18,47,1013,15,SE,29.6,PartlyCloudy
2008-08-06 13:00,28.0,28.8,18.0,54,1012,-,SE,29.6,Clear
2008-08-06 14:00,25.0,-,19.0,69,1011,-,SSE,29.6,Clear
2008-08-06 15:00,25.0,-,19.0,69,1010,-,SSE,24.1,Clear
2008-08-06 16:00,24.0,-,19.0,73,1010,-,S,25.9,Clear
2008-08-07 08:00,19.0,-,18.0,94,1012,10.0,SSE,27.8,MostlyCloudy
2008-08-07 09:00,21.0,-,17.0,78,1013,10.0,SE,27.8,MostlyCloudy
2008-08-07 10:00,22.0,-,18.0,78,1013,10.0,SSE,29.6,MostlyCloudy
2008-08-07 11:00,25.0,-,18.0,65,1012,-,SE,27.8,Clear
2008-08-07 12:00,27.0,28.2,19.0,61,1011,-,S,31.5,Clear
2008-08-07 13:00,27,-,19,51,1012,15,S,33.3,PartlyCloudy
2008-08-07 13:00,27.0,28.2,19.0,61,1010,-,S,33.3,Clear
2008-08-07 14:00,28.0,28.8,18.0,54,1009,-,S,24.1,Clear
2008-08-07 15:00,27.0,28.2,19.0,61,1009,-,S,24.1,Clear
2008-08-07 16:00,26.0,-,19.0,65,1008,-,S,31.5,Clear
2008-08-08 08:00,20.0,-,18.0,88,1012,10.0,SSE,25.9,MostlyCloudy
2008-08-08 09:00,21.0,-,17.0,78,1013,10.0,SSE,33.3,Overcas
2008-08-08 10:00,21.0,-,17.0,78,1013,10.0,S,29.6,Overcas
2008-08-08 11:00,24.0,-,19.0,73,1013,10.0,SE,18.5,MostlyCloudy
2008-08-08 12:00,26.0,-,19.0,65,1012,10.0,S,22.2,MostlyCloudy
2008-08-08 13:00,26,-,19,58,1013,10,S,20.4,PartlyCloudy
2008-08-08 13:00,26.0,-,19.0,65,1012,10.0,S,20.4,MostlyCloudy
2008-08-08 14:00,28.0,29.2,19.0,58,1010,-,SSW,14.8,Clear
2008-08-08 15:00,27.0,28.2,19.0,61,1009,-,WSW,20.4,Clear
2008-08-08 16:00,26.0,-,19.0,65,1009,-,SSW,16.7,Clear
2008-08-09 08:00,20.0,-,17.0,83,1014,10.0,SE,27.8,MostlyCloudy
2008-08-09 09:00,21.0,-,17.0,78,1014,10.0,SE,22.2,MostlyCloudy
2008-08-09 10:00,24,-,18,60,1016,15,SSE,18.5,PartlyCloudy
2008-08-09 10:00,24.0,-,18.0,69,1014,-,SSE,18.5,Clear
2008-08-09 11:00,25.0,-,18.0,65,1014,-,SSE,20.4,Clear
2008-08-09 12:00,26.0,-,19.0,65,1013,-,SSE,14.8,Clear
2008-08-09 13:00,28,-,22,59,1014,15,SSW,16.7,PartlyCloudy
2008-08-09 13:00,28.0,30.7,22.0,70,1013,-,SSW,16.7,Clear
2008-08-09 14:00,28.0,29.2,19.0,58,1012,-,SW,14.8,Clear
2008-08-09 15:00,27.0,28.2,19.0,61,1012,-,SW,22.2,Clear
2008-08-09 16:00,24.0,-,19.0,73,1011,-,SSW,18.5,Clear
2008-08-10 08:00,20.0,-,17.0,83,1014,10.0,SE,27.8,MostlyCloudy
2008-08-10 09:00,21.0,-,17.0,78,1014,10.0,SE,22.2,MostlyCloudy
2008-08-10 10:00,24,-,18,60,1016,15,SSE,18.5,PartlyCloudy
2008-08-10 10:00,24.0,-,18.0,69,1014,-,SSE,18.5,Clear
2008-08-10 11:00,25.0,-,18.0,65,1014,-,SSE,20.4,Clear
2008-08-10 12:00,26.0,-,19.0,65,1013,-,SSE,14.8,Clear
2008-08-10 13:00,28,-,22,59,1014,15,SSW,16.7,PartlyCloudy
2008-08-10 13:00,28.0,30.7,22.0,70,1013,-,SSW,16.7,Clear
2008-08-10 14:00,28.0,29.2,19.0,58,1012,-,SW,14.8,Clear
2008-08-10 15:00,27.0,28.2,19.0,61,1012,-,SW,22.2,Clear
2008-08-10 16:00,24.0,-,19.0,73,1011,-,SSW,18.5,Clear
2008-08-11 08:00,20.0,-,17.0,83,1015,-,SE,25.9,Clear
2008-08-11 09:00,22.0,-,17.0,73,1016,-,SSE,25.9,Clear
2008-08-11 10:00,24.0,-,17.0,65,1016,-,SSE,22.2,Clear
2008-08-11 11:00,25.0,-,18.0,65,1015,-,SSE,18.5,Clear
2008-08-11 12:00,27.0,27.9,18.0,58,1014,-,SSE,22.2,Clear
2008-08-11 13:00,28,-,18,47,1015,15,S,20.4,PartlyCloudy
2008-08-11 13:00,28.0,28.8,18.0,54,1014,-,S,20.4,Clear
2008-08-11 14:00,28.0,29.2,19.0,58,1013,-,S,20.4,Clear
2008-08-11 15:00,28.0,29.2,19.0,58,1012,-,S,20.4,Clear
2008-08-11 16:00,26.0,-,19.0,65,1011,-,SSW,25.9,Clear
2008-08-12 08:00,20.0,-,17.0,83,1015,10.0,SE,16.7,Overcas
2008-08-12 09:00,21.0,-,17.0,78,1015,10.0,SE,18.5,Overcas
2008-08-12 10:00,23.0,-,18.0,73,1015,10.0,SSE,18.5,Overcas
2008-08-12 11:00,24.0,-,18.0,69,1015,10.0,SSE,9.3,Overcas
2008-08-12 12:00,26.0,-,18.0,61,1014,10.0,SW,14.8,MostlyCloudy
2008-08-12 13:00,26,-,18,51,1014,10,WSW,18.5,PartlyCloudy
2008-08-12 13:00,26.0,-,18.0,61,1013,10.0,WSW,18.5,MostlyCloudy
2008-08-12 14:00,27.0,28.2,19.0,61,1012,-,WSW,18.5,Clear
2008-08-12 15:00,28.0,29.2,19.0,58,1012,-,SSW,20.4,Clear
2008-08-12 16:00,27.0,28.2,19.0,61,1011,-,S,18.5,Clear
2008-08-13 08:00,20.0,-,17.0,83,1014,10.0,SE,31.5,MostlyCloudy
2008-08-13 09:00,22.0,-,17.0,73,1014,-,SE,29.6,Clear
2008-08-13 10:00,23.0,-,17.0,69,-,-,S,20.4,Clear
2008-08-13 11:00,25.0,-,18.0,65,1015,-,S,16.7,Clear
2008-08-13 12:00,26.0,-,18.0,61,1015,-,S,18.5,Clear
2008-08-13 13:00,28,-,18,45,1015,15,S,20.4,PartlyCloudy
2008-08-13 13:00,28.0,28.8,18.0,54,1014,-,S,20.4,Clear
2008-08-13 14:00,29.0,30.3,19.0,55,1013,-,S,24.1,Clear
2008-08-13 15:00,27.0,28.2,19.0,61,1012,-,S,24.1,Clear
2008-08-13 16:00,25.0,-,18.0,65,1012,10.0,S,24.1,ScatteredClouds
2008-08-14 08:00,21.0,-,18.0,83,1013,10.0,SSE,18.5,MostlyCloudy
2008-08-14 09:00,23.0,-,17.0,69,1014,-,S,16.7,Clear
2008-08-14 10:00,25.0,-,18.0,65,1015,-,SSE,20.4,Clear
2008-08-14 11:00,27.0,27.9,18.0,58,1015,-,S,20.4,Clear
2008-08-14 12:00,26.0,-,18.0,61,1014,-,S,27.8,Clear
2008-08-14 13:00,25,-,18,55,1015,7,S,40.7,LightSandstorm
2008-08-14 13:00,25.0,-,18.0,65,1014,7.0,S,40.7,MostlyCloudy
2008-08-14 14:00,26.0,-,18.0,61,1013,7.0,S,37.0,MostlyCloudy
2008-08-14 15:00,27.0,28.2,19.0,61,1012,8.0,S,25.9,MostlyCloudy
2008-08-14 16:00,26,-,19,55,1014,9,S,22.2,LightSandstorm
2008-08-14 16:00,26.0,-,19.0,65,1013,9.0,S,22.2,MostlyCloudy
2008-08-15 08:00,20.0,,18.0,88,1015,-,SSE,24.1,Clear
2008-08-15 09:00,21.0,,17.0,78,1015,-,SE,29.6,Clear
2008-08-15 10:00,23.0,,17.0,69,1015,-,SSE,35.2,Unknown
2008-08-15 11:00,25.0,,17.0,61,1015,-,SSE,37.0,Clear
2008-08-15 12:00,26.0,,17.0,57,1015,-,SSE,31.5,Clear
2008-08-15 13:00,-,,,17,1015,10,NNE,90.7,-,Clear
2008-08-15 13:00,25.0,,17.0,61,1014,-,SSE,40.7,Clear
2008-08-15 14:00,26.0,,18.0,61,1013,-,S,29.6,Clear
2008-08-15 15:00,25.0,,18.0,65,1012,-,S,25.9,Clear
2008-08-15 16:00,25.0,,18.0,65,1012,-,S,25.9,Clear
2008-08-16 08:00,20.0,-,17.0,83,1016,8.0,SSE,18.5,MostlyCloudy
2008-08-16 10:00,22.0,-,17.0,73,1016,10.0,SSE,25.9,MostlyCloudy
2008-08-16 11:00,23.0,-,17.0,69,1016,10.0,SSE,25.9,ScatteredClouds
2008-08-16 12:00,25.0,-,18.0,65,1015,10.0,SSE,25.9,ScatteredClouds
2008-08-16 13:00,26,-,18,55,1016,14,S,22.2,PartlyCloudy
2008-08-16 13:00,26.0,-,18.0,61,1015,10.0,S,22.2,ScatteredClouds
2008-08-16 14:00,27.0,27.9,18.0,58,1014,10.0,S,22.2,ScatteredClouds
2008-08-16 15:00,26.0,-,18.0,61,1013,-,S,16.7,Clear
2008-08-16 16:00,25.0,-,18.0,65,1012,-,S,14.8,Clear
2008-08-17 08:00,20.0,-,17.0,83,1016,8.0,SSE,18.5,MostlyCloudy
2008-08-17 10:00,22.0,-,17.0,73,1016,10.0,SSE,25.9,MostlyCloudy
2008-08-17 11:00,23.0,-,17.0,69,1016,10.0,SSE,25.9,ScatteredClouds
2008-08-17 12:00,25.0,-,18.0,65,1015,10.0,SSE,25.9,ScatteredClouds
2008-08-17 13:00,26,-,18,55,1016,14,S,22.2,PartlyCloudy
2008-08-17 13:00,26.0,-,18.0,61,1015,10.0,S,22.2,ScatteredClouds
2008-08-17 14:00,27.0,27.9,18.0,58,1014,10.0,S,22.2,ScatteredClouds
2008-08-17 15:00,26.0,-,18.0,61,1013,-,S,16.7,Clear
2008-08-17 16:00,25.0,-,18.0,65,1012,-,S,14.8,Clear
2008-08-18 09:00,22.0,,17.0,73,1016,-,SSE,22.2,Clear
2008-08-18 10:00,23.0,,17.0,69,1016,10.0,SSE,25.9,ScatteredClouds
2008-08-18 11:00,24.0,,17.0,65,1016,10.0,SSE,20.4,ScatteredClouds
2008-08-18 12:00,25.0,,18.0,65,1015,10.0,S,18.5,ScatteredClouds
2008-08-18 13:00,25,,18,55,1016,13,S,14.8,PartlyCloudy
2008-08-18 13:00,25.0,,18.0,65,1014,10.0,S,14.8,ScatteredClouds
2008-08-18 14:00,25.0,,18.0,65,1014,10.0,S,18.5,ScatteredClouds
2008-08-18 15:00,25.0,,18.0,65,1013,10.0,SSW,20.4,ScatteredClouds
2008-08-18 16:00,24.0,,17.0,65,1013,-,S,18.5,Clear
2008-08-19 08:00,20.0,-,17.0,83,1015,10.0,SE,33.3,MostlyCloudy
2008-08-19 09:00,21.0,-,16.0,73,1016,10.0,SE,37.0,MostlyCloudy
2008-08-19 10:00,24.0,-,17.0,65,1016,-,SE,33.3,Clear
2008-08-19 11:00,25.0,-,17.0,61,1015,-,SE,33.3,Clear
2008-08-19 12:00,26.0,-,17.0,57,1015,-,SE,40.7,Clear
2008-08-19 13:00,27,-,18,46,1015,15,S,24.1,PartlyCloudy
2008-08-19 13:00,27.0,27.9,18.0,58,1014,-,S,24.1,Clear
2008-08-19 14:00,28.0,28.8,18.0,54,1013,9.0,S,27.8,Unknown
2008-08-19 15:00,28.0,29.2,19.0,58,1012,8.0,S,27.8,Unknown
2008-08-19 16:00,27.0,27.7,17.0,54,1012,-,S,42.6,Clear
2008-08-20 10:00,22.0,-,17.0,73,1015,10.0,SE,40.7,ScatteredClouds
2008-08-20 11:00,23.0,-,17.0,69,1014,10.0,SE,42.6,PartlyCloudy
2008-08-20 12:00,24.0,-,17.0,65,1014,-,SE,40.7,Clear
2008-08-20 13:00,25,-,17,55,,15,SE,37.0,PartlyCloudy
2008-08-20 13:00,25.0,-,17.0,61,1013,-,SE,37.0,Clear
2008-08-20 14:00,27.0,27.9,18.0,58,1012,-,SE,35.2,Clear
2008-08-20 15:00,27.0,27.9,18.0,58,1011,-,SE,35.2,Clear
2008-08-20 16:00,25.0,-,19.0,69,1011,-,SE,27.8,Clear
2008-08-21 08:00,20.0,-,18.0,88,1015,8.0,SE,27.8,MostlyCloudy
2008-08-21 09:00,20.0,-,17.0,83,1016,10.0,SE,33.3,MostlyCloudy
2008-08-21 10:00,21.0,-,17.0,78,1016,10.0,SSE,33.3,MostlyCloudy
2008-08-21 11:00,24.0,-,17.0,65,1015,10.0,SE,29.6,PartlyCloudy
2008-08-21 12:00,25.0,-,17.0,61,1015,10.0,SE,33.3,PartlyCloudy
2008-08-21 13:00,25.0,-,17.0,61,1014,-,SSE,29.6,Clear
2008-08-21 14:00,27.0,27.7,17.0,54,1013,-,SSE,29.6,Clear
2008-08-21 15:00,27.0,27.9,18.0,58,1011,-,S,31.5,Clear
2008-08-21 16:00,26.0,-,18.0,61,1010,-,S,27.8,Clear
2008-08-22 08:00,20.0,-,17.0,83,1014,10.0,SE,24.1,Overcas
2008-08-22 09:00,20.0,-,16.0,78,1015,10.0,SE,25.9,Overcas
2008-08-22 11:00,22.0,-,17.0,73,1015,10.0,SSE,27.8,MostlyCloudy
2008-08-22 12:00,25.0,-,17.0,61,1014,-,S,20.4,Clear
2008-08-22 13:00,26,-,17,48,1015,15,S,18.5,PartlyCloudy
2008-08-22 13:00,26.0,-,17.0,57,1014,-,S,18.5,Clear
2008-08-22 14:00,28.0,28.8,18.0,54,1013,-,S,14.8,Clear
2008-08-22 15:00,27.0,27.9,18.0,58,1012,-,SW,16.7,Clear
2008-08-22 16:00,25.0,-,17.0,61,1012,-,S,18.5,Clear
2008-08-22 17:00,24.0,-,17.0,65,1012,-,S,20.4,Clear
2008-08-22 18:00,23.0,-,17.0,69,1012,-,S,18.5,Clear
2008-08-23 08:00,20.0,-,17.0,83,1014,9.0,SE,24.1,MostlyCloudy
2008-08-23 09:00,21.0,-,17.0,78,1015,10.0,SE,25.9,ScatteredClouds
2008-08-23 10:00,24.0,-,17.0,65,1015,-,SSE,22.2,Clear
2008-08-23 11:00,25.0,-,17.0,61,1015,-,S,20.4,Clear
2008-08-23 12:00,26.0,-,17.0,57,1014,-,SSW,18.5,Clear
2008-08-23 13:00,26,-,17,47,1014,15,SSW,24.1,PartlyCloudy
2008-08-23 13:00,26.0,-,17.0,57,1013,-,SSW,24.1,Clear
2008-08-23 14:00,27.0,27.7,17.0,54,1012,-,S,20.4,Clear
2008-08-23 15:00,25.0,-,17.0,61,1012,-,S,18.5,Clear
2008-08-23 16:00,24.0,-,17.0,65,1011,-,S,20.4,Clear
2008-08-24 08:00,20.0,-,17.0,83,1014,9.0,SE,24.1,MostlyCloudy
2008-08-24 09:00,21.0,-,17.0,78,1015,10.0,SE,25.9,ScatteredClouds
2008-08-24 10:00,24.0,-,17.0,65,1015,-,SSE,22.2,Clear
2008-08-24 11:00,25.0,-,17.0,61,1015,-,S,20.4,Clear
2008-08-24 12:00,26.0,-,17.0,57,1014,-,SSW,18.5,Clear
2008-08-24 13:00,26,-,17,47,1014,15,SSW,24.1,PartlyCloudy
2008-08-24 13:00,26.0,-,17.0,57,1013,-,SSW,24.1,Clear
2008-08-24 14:00,27.0,27.7,17.0,54,1012,-,S,20.4,Clear
2008-08-24 15:00,25.0,-,17.0,61,1012,-,S,18.5,Clear
2008-08-24 16:00,24.0,-,17.0,65,1011,-,S,20.4,Clear
2008-08-25 08:00,20.0,-,17.0,83,1014,9.0,SSE,18.5,ScatteredClouds
2008-08-25 09:00,21.0,-,17.0,78,1015,10.0,SSE,22.2,PartlyCloudy
2008-08-25 10:00,23.0,-,17.0,69,1015,-,S,18.5,Clear
2008-08-25 11:00,24.0,-,17.0,65,1015,-,S,16.7,Clear
2008-08-25 12:00,26.0,-,18.0,61,1014,-,SSW,18.5,Clear
2008-08-25 13:00,28,-,18,45,1015,15,WSW,16.7,PartlyCloudy
2008-08-25 13:00,28.0,28.8,18.0,54,1014,-,WSW,16.7,Clear
2008-08-25 14:00,28.0,28.8,18.0,54,1013,-,WSW,20.4,Clear
2008-08-25 15:00,27.0,27.9,18.0,58,1012,-,SW,22.2,Clear
2008-08-25 16:00,25.0,-,17.0,61,1012,-,WSW,16.7,Clear
2008-08-26 08:00,20.0,-,17.0,83,1015,8.0,SSE,20.4,MostlyCloudy
2008-08-26 09:00,21.0,-,17.0,78,1015,-,SSE,18.5,Clear
2008-08-26 10:00,23.0,-,17.0,69,1015,-,SSE,18.5,Clear
2008-08-26 11:00,24.0,-,17.0,65,1015,-,S,18.5,Clear
2008-08-26 12:00,25.0,-,17.0,61,1014,-,S,14.8,Clear
2008-08-26 13:00,27,-,17,45,1015,15,SSW,22.2,PartlyCloudy
2008-08-26 13:00,27.0,27.7,17.0,54,1013,-,SSW,22.2,Clear
2008-08-26 14:00,27.0,27.7,17.0,54,1012,-,SSW,18.5,Clear
2008-08-26 15:00,27.0,27.9,18.0,58,1012,-,SW,20.4,Clear
2008-08-27 09:00,22.0,,17.0,73,1016,-,SSE,22.2,Clear
2008-08-27 10:00,24,,17,55,1017,15,SSE,27.8,PartlyCloudy
2008-08-27 10:00,24.0,,17.0,65,1016,-,SSE,27.8,Clear
2008-08-27 11:00,24.0,,17.0,65,1016,-,SSE,29.6,Clear
2008-08-27 12:00,25.0,,17.0,61,1015,5.0,SSE,33.3,Sand
2008-08-27 13:00,24,,17,58,1016,5,S,37.0,LightSandstorm
2008-08-27 13:00,24.0,,17.0,65,1015,5.0,S,37.0,Sand
2008-08-27 15:00,25.0,,17.0,61,1013,8.0,S,29.6,Unknown
2008-08-27 16:00,24.0,,18.0,69,1012,-,S,27.8,Clear
2008-08-28 08:00,20.0,,17.0,83,1014,8.0,SE,27.8,ScatteredClouds
2008-08-28 09:00,20.0,,16.0,78,1015,10.0,SE,37.0,ScatteredClouds
2008-08-28 10:00,22.0,,16.0,69,1014,10.0,SSE,33.3,ScatteredClouds
2008-08-28 11:00,23.0,,17.0,69,1014,10.0,SSE,25.9,PartlyCloudy
2008-08-28 12:00,24.0,,17.0,65,1014,-,SSE,29.6,Clear
2008-08-28 13:00,24.0,,17.0,65,1013,-,S,27.8,Clear
2008-08-28 14:00,26.0,,17.0,57,1011,-,S,31.5,Clear
2008-08-28 15:00,25.0,,18.0,65,1011,-,S,27.8,Clear
2008-08-28 16:00,25.0,,17.0,61,1010,-,S,29.6,Clear
2008-08-29 08:00,20.0,-,17.0,83,1012,-,SE,24.1,Clear
2008-08-29 10:00,23.0,-,16.0,65,1013,-,SE,24.1,Clear
2008-08-29 11:00,24.0,-,17.0,65,1013,-,SSE,20.4,Clear
2008-08-29 12:00,25.0,-,17.0,61,1012,-,SSE,24.1,Clear
2008-08-29 13:00,25,-,17,54,1012,15,SSE,22.2,PartlyCloudy
2008-08-29 13:00,25.0,-,18.0,65,1011,-,SSE,22.2,Clear
2008-08-29 15:00,27.0,27.9,18.0,58,1010,-,SW,18.5,Clear
2008-08-29 16:00,25.0,-,19.0,69,1009,-,SW,20.4,Clear
2008-08-30 08:00,20.0,,17.0,83,1012,10.0,SSE,24.1,MostlyCloudy
2008-08-30 11:00,23.0,,17.0,69,1013,10.0,S,14.8,ScatteredClouds
2008-08-30 12:00,24.0,,17.0,65,1012,10.0,SSE,13.0,MostlyCloudy
2008-08-30 13:00,25,,17,51,1012,15,WSW,14.8,PartlyCloudy
2008-08-30 13:00,25.0,,17.0,61,1011,10.0,WSW,14.8,ScatteredClouds
2008-08-30 14:00,26.0,,17.0,57,1011,10.0,WSW,18.5,ScatteredClouds
2008-08-30 15:00,25.0,,17.0,61,1010,10.0,SW,16.7,ScatteredClouds
2008-08-30 16:00,24.0,,17.0,65,1009,10.0,SSW,14.8,ScatteredClouds
2008-08-31 08:00,20.0,,17.0,83,1012,10.0,SSE,24.1,MostlyCloudy
2008-08-31 11:00,23.0,,17.0,69,1013,10.0,S,14.8,ScatteredClouds
2008-08-31 12:00,24.0,,17.0,65,1012,10.0,SSE,13.0,MostlyCloudy
2008-08-31 13:00,25,,17,51,1012,15,WSW,14.8,PartlyCloudy
2008-08-31 13:00,25.0,,17.0,61,1011,10.0,WSW,14.8,ScatteredClouds
2008-08-31 14:00,26.0,,17.0,57,1011,10.0,WSW,18.5,ScatteredClouds
2008-08-31 15:00,25.0,,17.0,61,1010,10.0,SW,16.7,ScatteredClouds
2008-08-31 16:00,24.0,,17.0,65,1009,10.0,SSW,14.8,ScatteredClouds
2008-09-01 08:00,20.0,-,17.0,83,1014,10.0,ESE,18.5,ScatteredClouds
2008-09-01 09:00,23.0,-,17.0,69,1015,-,ESE,25.9,Clear
2008-09-01 10:00,24.0,-,17.0,65,1015,-,SE,16.7,Clear
2008-09-01 11:00,25.0,-,17.0,61,1015,-,SSE,24.1,Clear
2008-09-01 12:00,26.0,-,17.0,57,1014,-,S,20.4,Clear
2008-09-01 13:00,26.0,-,17.0,57,1013,-,S,18.5,Clear
2008-09-01 14:00,27.0,27.9,18.0,58,1012,-,SSW,25.9,Clear
2008-09-01 15:00,28.0,28.8,18.0,54,1011,-,SW,25.9,Clear
2008-09-01 16:00,26.0,-,19.0,65,1011,-,SW,22.2,Clear
2008-09-02 08:00,20.0,-,17.0,83,1014,-,SE,18.5,Clear
2008-09-02 09:00,22.0,-,17.0,73,1015,-,SE,27.8,Clear
2008-09-02 10:00,25.0,-,17.0,61,1015,-,SE,29.6,Clear
2008-09-02 11:00,27.0,27.7,17.0,54,1014,-,SE,27.8,Clear
2008-09-02 12:00,28.0,28.8,18.0,54,1013,-,SSE,22.2,Clear
2008-09-02 13:00,28,-,18,44,1014,15,S,24.1,PartlyCloudy
2008-09-02 13:00,28.0,28.8,18.0,54,1012,-,S,24.1,Clear
2008-09-02 14:00,29.0,29.8,18.0,51,1012,-,SSW,22.2,Clear
2008-09-02 15:00,29.0,29.8,18.0,51,1011,-,S,25.9,Clear
2008-09-02 16:00,27.0,27.7,17.0,54,1010,-,S,25.9,Clear
2008-09-03 08:00,20.0,-,17.0,83,1014,10.0,SE,27.8,MostlyCloudy
2008-09-03 09:00,20.0,-,17.0,83,1015,10.0,SE,29.6,MostlyCloudy
2008-09-03 10:00,21.0,-,17.0,78,1015,10.0,SE,27.8,MostlyCloudy
2008-09-03 11:00,22.0,-,17.0,73,1015,10.0,SSE,29.6,MostlyCloudy
2008-09-03 12:00,25.0,-,17.0,61,1014,-,SSE,33.3,Clear
2008-09-03 13:00,25,-,17,51,1014,15,SSE,24.1,PartlyCloudy
2008-09-03 13:00,25.0,-,17.0,61,1013,-,SSE,24.1,Clear
2008-09-03 14:00,27.0,27.9,18.0,58,1013,-,S,25.9,Clear
2008-09-03 15:00,26.0,-,17.0,57,1012,-,S,25.9,Clear
2008-09-03 16:00,24.0,-,17.0,65,1011,-,S,22.2,Clear
2008-09-03 17:00,23.0,-,17.0,69,1011,-,S,31.5,Clear
2008-09-04 08:00,20.0,-,17.0,83,1013,10.0,SE,33.3,ScatteredClouds
2008-09-04 09:00,21.0,-,17.0,78,1014,10.0,SSE,35.2,ScatteredClouds
2008-09-04 10:00,22.0,-,17.0,73,1014,-,ESE,37.0,Clear
2008-09-04 11:00,25.0,-,17.0,61,1014,-,ESE,29.6,Clear
2008-09-04 12:00,26.0,-,17.0,57,1013,-,SSE,27.8,Clear
2008-09-04 13:00,27,-,17,45,1013,15,SSE,25.9,PartlyCloudy
2008-09-04 13:00,27.0,27.7,17.0,54,1012,-,SSE,25.9,Clear
2008-09-04 14:00,28.0,28.8,18.0,54,1011,-,S,24.1,Clear
2008-09-04 15:00,28.0,28.8,18.0,54,1010,-,S,27.8,Clear
2008-09-04 16:00,24.0,-,17.0,65,1009,-,S,27.8,Clear
2008-09-04 17:00,24.0,-,17.0,65,1009,-,SSE,40.7,Clear
2008-09-05 08:00,20.0,-,17.0,83,1013,10.0,SE,29.6,ScatteredClouds
2008-09-05 09:00,22.0,-,17.0,73,1014,-,SE,33.3,Clear
2008-09-05 10:00,23.0,-,17.0,69,1014,-,SSE,37.0,Clear
2008-09-05 11:00,25.0,-,17.0,61,1014,-,SSE,27.8,Clear
2008-09-05 12:00,26.0,-,17.0,57,1013,-,S,22.2,Clear
2008-09-05 13:00,26,-,17,51,1014,15,SSW,22.2,PartlyCloudy
2008-09-05 13:00,26.0,-,17.0,57,1013,-,SSW,22.2,Clear
2008-09-05 14:00,28.0,28.8,18.0,54,1012,-,S,20.4,Clear
2008-09-05 15:00,27.0,27.9,18.0,58,1011,-,S,29.6,Clear
2008-09-05 16:00,25.0,-,19.0,69,1010,-,S,33.3,Clear
2008-09-06 08:00,20.0,,17.0,83,1014,9.0,SE,31.5,MostlyCloudy
2008-09-06 09:00,21.0,,17.0,78,1014,-,SE,33.3,Clear
2008-09-06 10:00,23.0,,17.0,69,1014,-,SSE,29.6,Clear
2008-09-06 12:00,26.0,,17.0,57,1013,-,SSE,29.6,Clear
2008-09-06 13:00,26,,17,51,1013,15,S,24.1,PartlyCloudy
2008-09-06 13:00,26.0,,17.0,57,1012,-,S,24.1,Clear
2008-09-06 14:00,25.0,,17.0,61,1012,-,SSE,25.9,Clear
2008-09-06 15:00,25.0,,17.0,61,1011,-,SSW,27.8,Clear
2008-09-06 16:00,24.0,,17.0,65,1011,-,S,29.6,Clear
2008-09-07 08:00,20.0,,17.0,83,1014,9.0,SE,31.5,MostlyCloudy
2008-09-07 09:00,21.0,,17.0,78,1014,-,SE,33.3,Clear
2008-09-07 10:00,23.0,,17.0,69,1014,-,SSE,29.6,Clear
2008-09-07 12:00,26.0,,17.0,57,1013,-,SSE,29.6,Clear
2008-09-07 13:00,26,,17,51,1013,15,S,24.1,PartlyCloudy
2008-09-07 13:00,26.0,,17.0,57,1012,-,S,24.1,Clear
2008-09-07 14:00,25.0,,17.0,61,1012,-,SSE,25.9,Clear
2008-09-07 15:00,25.0,,17.0,61,1011,-,SSW,27.8,Clear
2008-09-07 16:00,24.0,,17.0,65,1011,-,S,29.6,Clear
2008-09-08 08:00,20.0,-,17.0,83,1013,10.0,SE,27.8,ScatteredClouds
2008-09-08 09:00,22.0,-,17.0,73,1014,10.0,SSE,33.3,ScatteredClouds
2008-09-08 10:00,23.0,-,17.0,69,1014,-,SE,37.0,Clear
2008-09-08 11:00,24.0,-,17.0,65,1013,-,SSE,33.3,Clear
2008-09-08 12:00,25.0,-,17.0,61,1013,-,SSE,27.8,Clear
2008-09-08 13:00,25,-,17,51,1013,15,S,27.8,PartlyCloudy
2008-09-08 13:00,25.0,-,17.0,61,1012,-,S,27.8,Clear
2008-09-08 14:00,28.0,28.8,18.0,54,1011,-,S,22.2,Clear
2008-09-08 15:00,28.0,28.8,18.0,54,1011,-,SSW,20.4,Clear
2008-09-08 16:00,26.0,-,18.0,61,1010,-,S,27.8,Clear
2008-09-09 08:00,20.0,,17.0,83,1013,-,SE,31.5,Clear
2008-09-09 09:00,21.0,,17.0,78,1014,-,SE,37.0,Clear
2008-09-09 10:00,22.0,,16.0,69,1015,-,SSE,35.2,Clear
2008-09-09 11:00,24.0,,17.0,65,1014,-,SSE,33.3,Clear
2008-09-09 12:00,25.0,,17.0,61,1013,-,SSE,35.2,Clear
2008-09-09 13:00,26,,17,49,1013,15,S,38.9,PartlyCloudy
2008-09-09 13:00,26.0,,17.0,57,1012,-,S,38.9,Clear
2008-09-09 14:00,25.0,,17.0,61,1011,-,S,35.2,Clear
2008-09-09 15:00,24.0,,17.0,65,1010,-,S,27.8,Clear
2008-09-09 16:00,24.0,,17.0,65,1010,-,S,29.6,Clear
2008-09-10 08:00,20.0,-,17.0,83,1014,-,SE,27.8,Clear
2008-09-10 09:00,22.0,-,17.0,73,1015,-,SSE,18.5,Clear
2008-09-10 10:00,26.0,-,17.0,57,1015,-,SSE,13.0,Clear
2008-09-10 12:00,27.0,27.7,17.0,54,1013,-,S,16.7,Clear
2008-09-10 13:00,28,-,17,43,1014,15,S,16.7,PartlyCloudy
2008-09-10 13:00,28.0,28.5,17.0,51,1012,-,S,16.7,Clear
2008-09-10 14:00,29.0,29.8,18.0,51,1012,-,S,22.2,Clear
2008-09-10 15:00,28.0,28.8,18.0,54,1011,-,S,22.2,Clear
2008-09-10 16:00,27.0,27.9,18.0,58,1011,-,SSE,27.8,Clear
2008-09-11 08:00,20.0,-,17.0,83,1014,-,SSE,27.8,Clear
2008-09-11 09:00,22.0,-,17.0,73,1015,-,SSE,24.1,Clear
2008-09-11 10:00,24.0,-,17.0,65,1015,-,SSE,16.7,Clear
2008-09-11 11:00,25.0,-,17.0,61,1014,-,S,14.8,Clear
2008-09-11 12:00,27.0,27.7,17.0,54,1014,-,SSW,20.4,Clear
2008-09-11 14:00,29.0,29.4,17.0,48,1012,-,SSW,16.7,Clear
2008-09-11 15:00,28.0,28.8,18.0,54,1011,-,SSW,18.5,Clear
2008-09-11 16:00,27.0,28.2,19.0,61,1011,-,S,20.4,Clear
2008-09-12 08:00,20.0,-,17.0,83,1013,-,SSE,29.6,Clear
2008-09-12 09:00,22.0,-,17.0,73,1014,-,SSE,25.9,Clear
2008-09-12 10:00,24.0,-,17.0,65,1014,-,S,20.4,Clear
2008-09-12 11:00,25.0,-,17.0,61,1014,-,S,16.7,Clear
2008-09-12 12:00,27.0,27.7,17.0,54,1013,-,S,18.5,Clear
2008-09-12 13:00,29.0,29.8,18.0,51,1012,-,SSW,16.7,Clear
2008-09-12 14:00,28.0,28.8,18.0,54,1012,-,SW,18.5,Clear
2008-09-12 15:00,27.0,28.2,19.0,61,1011,-,SW,20.4,Clear
2008-09-12 16:00,26.0,-,19.0,65,1011,-,SW,20.4,Clear
2008-09-13 08:00,20.0,-,17.0,83,1012,-,SE,35.2,Clear
2008-09-13 09:00,22.0,-,17.0,73,1012,-,SE,31.5,Clear
2008-09-13 10:00,24.0,-,17.0,65,1012,-,SSE,33.3,Clear
2008-09-13 11:00,26.0,-,17.0,57,1012,-,SE,37.0,Clear
2008-09-13 12:00,27.0,27.7,17.0,54,1011,-,SSE,31.5,Clear
2008-09-13 13:00,29.0,29.4,17.0,48,1010,-,SSE,31.5,Clear
2008-09-13 14:00,29.0,29.8,18.0,51,1010,-,S,20.4,Clear
2008-09-13 15:00,28.0,28.8,18.0,54,1009,-,S,22.2,Clear
2008-09-13 16:00,26.0,-,19.0,65,1009,-,S,25.9,Clear
2008-09-14 14:00,29.0,29.4,17.0,48,1010,-,S,20.4,Clear
2008-09-14 15:00,25.0,-,17.0,61,1010,-,S,18.5,Clear
2008-09-14 16:00,24.0,-,18.0,69,1010,-,S,22.2,Clear
2008-09-14 17:00,23.0,-,18.0,73,1010,-,S,16.7,Clear
2008-09-14 18:00,22.0,-,19.0,83,1010,-,S,16.7,Clear
2008-09-15 08:00,20.0,-,17.0,83,1014,-,SSE,33.3,Clear
2008-09-15 09:00,22.0,-,17.0,73,1014,-,SE,27.8,Clear
2008-09-15 10:00,23.0,-,17.0,69,1014,-,SSE,22.2,Clear
2008-09-15 11:00,25.0,-,17.0,61,1014,-,SSE,20.4,Clear
2008-09-15 12:00,27.0,27.7,17.0,54,1013,-,S,20.4,Clear
2008-09-15 13:00,28,-,17,42,,15,SSW,24.1,Clear
2008-09-15 13:00,28.0,28.5,17.0,51,1013,-,SSW,24.1,Clear
2008-09-15 14:00,29.0,29.8,18.0,51,1012,-,S,18.5,Clear
2008-09-15 15:00,28.0,28.8,18.0,54,1011,-,SSW,18.5,Clear
2008-09-15 16:00,26.0,-,19.0,65,1011,-,SSW,14.8,Clear
2008-09-16 09:00,22.0,-,17.0,73,1015,-,SE,25.9,Clear
2008-09-16 10:00,24.0,-,17.0,65,1015,-,SSE,25.9,Clear
2008-09-16 12:00,28.0,28.5,17.0,51,1014,-,S,20.4,Clear
2008-09-16 13:00,29,-,17,37,1015,15,S,22.2,PartlyCloudy
2008-09-16 13:00,29.0,29.4,17.0,48,1014,-,S,22.2,Clear
2008-09-16 14:00,28.0,28.8,18.0,54,1013,-,S,20.4,Clear
2008-09-16 16:00,26.0,-,19.0,65,1011,-,S,27.8,Clear
2008-09-17 09:00,23.0,-,17.0,69,1015,-,SSE,33.3,Clear
2008-09-17 10:00,24.0,-,17.0,65,1015,-,SSE,33.3,Clear
2008-09-17 11:00,25.0,-,17.0,61,1014,-,SSE,37.0,Clear
2008-09-17 12:00,27.0,27.7,17.0,54,1013,-,S,25.9,Clear
2008-09-17 13:00,28.0,28.8,18.0,54,1012,-,SSE,31.5,Clear
2008-09-17 14:00,28.0,28.8,18.0,54,1011,-,S,33.3,Clear
2008-09-17 15:00,27.0,28.2,19.0,61,1010,-,S,33.3,Clear
2008-09-17 16:00,27.0,28.2,19.0,61,1010,-,S,31.5,Clear
2008-09-18 08:00,20.0,-,17.0,83,1015,8.0,SSE,22.2,ScatteredClouds
2008-09-18 09:00,21.0,-,17.0,78,1016,9.0,SSE,25.9,MostlyCloudy
2008-09-18 10:00,23.0,-,16.0,65,1016,-,SSE,25.9,Clear
2008-09-18 11:00,24.0,-,16.0,61,1015,-,SSE,31.5,Clear
2008-09-18 12:00,26.0,-,17.0,57,1014,-,SSE,29.6,Clear
2008-09-18 13:00,28,-,17,42,1014,15,S,24.1,PartlyCloudy
2008-09-18 13:00,28.0,28.5,17.0,51,1012,-,S,24.1,Clear
2008-09-18 14:00,28.0,28.8,18.0,54,1011,-,S,24.1,Clear
2008-09-18 15:00,28.0,28.8,18.0,54,1011,-,S,22.2,Clear
2008-09-18 16:00,27.0,28.2,19.0,61,1011,-,S,25.9,Clear
2008-09-19 08:00,20.0,-,17.0,83,1014,10.0,SE,35.2,ScatteredClouds
2008-09-19 09:00,22.0,-,17.0,73,1014,-,SE,31.5,Clear
2008-09-19 10:00,23.0,-,17.0,69,1014,-,SSE,29.6,Clear
2008-09-19 11:00,25.0,-,17.0,61,1014,-,SE,22.2,Clear
2008-09-19 12:00,27.0,27.7,17.0,54,1013,-,S,24.1,Clear
2008-09-19 13:00,28,-,17,42,1014,15,S,25.9,PartlyCloudy
2008-09-19 13:00,28.0,28.5,17.0,51,1013,-,S,25.9,Clear
2008-09-19 14:00,29.0,29.8,18.0,51,1012,-,S,24.1,Clear
2008-09-19 15:00,29.0,29.8,18.0,51,1012,-,S,16.7,Clear
2008-09-19 16:00,28.0,28.8,18.0,54,1012,-,S,14.8,Clear
2008-09-20 08:00,19.0,,16.0,83,1015,-,SSE,22.2,Clear
2008-09-20 09:00,20.0,,16.0,78,1015,10.0,SSE,18.5,ScatteredClouds
2008-09-20 10:00,23.0,,16.0,65,1015,-,SSE,16.7,Clear
2008-09-20 11:00,25.0,,16.0,57,1015,-,SSE,14.8,Clear
2008-09-20 12:00,26.0,,17.0,57,-,-,WSW,18.5,Clear
2008-09-20 13:00,26,,17,48,1015,15,SSW,18.5,PartlyCloudy
2008-09-20 13:00,26.0,,17.0,57,1014,-,SSW,18.5,Clear
2008-09-20 14:00,25.0,,16.0,57,1013,-,SSW,20.4,Clear
2008-09-20 15:00,23.0,,16.0,65,-,10.0,SSW,24.1,MostlyCloudy
2008-09-20 16:00,22.0,,16.0,69,1012,10.0,SSW,16.7,MostlyCloudy
2008-09-21 08:00,19.0,,16.0,83,1015,-,SSE,22.2,Clear
2008-09-21 09:00,20.0,,16.0,78,1015,10.0,SSE,18.5,ScatteredClouds
2008-09-21 10:00,23.0,,16.0,65,1015,-,SSE,16.7,Clear
2008-09-21 11:00,25.0,,16.0,57,1015,-,SSE,14.8,Clear
2008-09-21 12:00,26.0,,17.0,57,-,-,WSW,18.5,Clear
2008-09-21 13:00,26,,17,48,1015,15,SSW,18.5,PartlyCloudy
2008-09-21 13:00,26.0,,17.0,57,1014,-,SSW,18.5,Clear
2008-09-21 14:00,25.0,,16.0,57,1013,-,SSW,20.4,Clear
2008-09-21 15:00,23.0,,16.0,65,-,10.0,SSW,24.1,MostlyCloudy
2008-09-21 16:00,22.0,,16.0,69,1012,10.0,SSW,16.7,MostlyCloudy
2008-09-22 09:00,21.0,-,17.0,78,1016,-,SE,25.9,Clear
2008-09-22 10:00,23.0,-,17.0,69,1016,-,SSE,20.4,Clear
2008-09-22 11:00,25.0,-,17.0,61,1016,-,SSE,24.1,Clear
2008-09-22 12:00,26.0,-,17.0,57,1015,-,S,24.1,Clear
2008-09-22 13:00,27,-,18,47,1014,15,S,20.4,PartlyCloudy
2008-09-22 13:00,27.0,27.9,18.0,58,1013,-,S,20.4,Clear
2008-09-22 14:00,28.0,28.8,18.0,54,1012,-,S,22.2,Clear
2008-09-22 15:00,28.0,28.8,18.0,54,1012,-,S,25.9,Clear
2008-09-22 16:00,26.0,-,19.0,65,1011,-,S,22.2,Clear
2008-09-23 08:00,20.0,-,17.0,83,1016,8.0,SSE,27.8,MostlyCloudy
2008-09-23 09:00,21.0,-,17.0,78,1016,9.0,SSE,31.5,MostlyCloudy
2008-09-23 10:00,23.0,-,17.0,69,1016,10.0,SSE,33.3,ScatteredClouds
2008-09-23 11:00,24.0,-,17.0,65,1015,-,SE,37.0,Clear
2008-09-23 12:00,26.0,-,17.0,57,1014,-,SSE,29.6,Clear
2008-09-23 13:00,28,-,18,46,1014,15,SSE,27.8,PartlyCloudy
2008-09-23 13:00,28.0,28.8,18.0,54,1013,-,SSE,27.8,Clear
2008-09-23 14:00,28.0,29.2,19.0,58,1012,-,S,29.6,Clear
2008-09-23 15:00,26.0,-,19.0,65,1011,-,S,22.2,Clear
2008-09-23 16:00,26.0,-,19.0,65,1010,-,SSW,20.4,Clear
2008-09-24 08:00,20.0,-,17.0,83,1014,-,SE,20.4,Clear
2008-09-24 09:00,22.0,-,16.0,69,1014,-,SSE,20.4,Clear
2008-09-24 10:00,25.0,-,17.0,61,1014,-,SSE,18.5,Clear
2008-09-24 11:00,26.0,-,17.0,57,1015,-,S,18.5,Clear
2008-09-24 12:00,26.0,-,17.0,57,1013,-,S,22.2,Clear
2008-09-24 13:00,27.0,27.7,17.0,54,-,-,SSW,18.5,Clear
2008-09-24 14:00,26.0,-,16.0,54,1012,-,SW,18.5,Clear
2008-09-24 15:00,25.0,-,17.0,61,1011,-,S,18.5,Clear
2008-09-24 16:00,24.0,-,17.0,65,1011,-,S,22.2,Clear
2008-09-25 08:00,20.0,-,17.0,83,1013,-,ESE,37.0,Clear
2008-09-25 09:00,22.0,-,16.0,69,1013,-,SE,29.6,Clear
2008-09-25 10:00,23.0,-,16.0,65,1013,-,SSE,25.9,Clear
2008-09-25 11:00,27.0,27.7,17.0,54,1013,-,SSE,18.5,Clear
2008-09-25 12:00,27.0,27.7,17.0,54,1012,-,S,18.5,Clear
2008-09-25 13:00,27.0,27.7,17.0,54,1011,-,S,22.2,Clear
2008-09-25 14:00,26.0,-,17.0,57,1010,-,S,22.2,Clear
2008-09-25 15:00,25.0,-,17.0,61,1009,-,S,29.6,Clear
2008-09-25 16:00,23.0,-,17.0,69,1008,-,S,22.2,Clear
2008-09-26 08:00,19.0,,16.0,83,1014,-,ESE,31.5,Clear
2008-09-26 09:00,20.0,,17.0,83,1015,10.0,SSE,33.3,Overcas
2008-09-26 10:00,21.0,,16.0,73,1014,10.0,SSE,27.8,MostlyCloudy
2008-09-26 11:00,22.0,,16.0,69,1014,10.0,SSE,33.3,PartlyCloudy
2008-09-26 12:00,24.0,,17.0,65,1013,-,SSE,31.5,Clear
2008-09-26 13:00,25.0,,17.0,61,1012,-,S,31.5,Clear
2008-09-26 14:00,25.0,,17.0,61,1011,-,S,27.8,Clear
2008-09-26 15:00,25.0,,17.0,61,1011,-,S,25.9,Clear
2008-09-26 16:00,23.0,,16.0,65,1010,-,S,27.8,Clear
2008-09-27 08:00,19.0,,16.0,83,1014,10.0,SE,37.0,Overcas
2008-09-27 09:00,19.0,,16.0,83,1015,10.0,SSE,33.3,Unknown
2008-09-27 10:00,22.0,,16.0,69,1015,-,SE,33.3,Clear
2008-09-27 11:00,24.0,,17.0,65,1015,-,SSE,27.8,Clear
2008-09-27 12:00,24.0,,17.0,65,1014,-,S,29.6,Clear
2008-09-27 13:00,25,,16,48,1015,10,S,18.5,PartlyCloudy
2008-09-27 13:00,25.0,,16.0,57,1014,-,S,18.5,Clear
2008-09-27 14:00,25.0,,16.0,57,1013,-,S,20.4,Clear
2008-09-27 15:00,23.0,,17.0,69,1012,-,S,22.2,Clear
2008-09-27 16:00,22.0,,16.0,69,1011,-,S,27.8,Clear
2008-09-28 08:00,19.0,,16.0,83,1014,10.0,SE,37.0,Overcas
2008-09-28 09:00,19.0,,16.0,83,1015,10.0,SSE,33.3,Unknown
2008-09-28 10:00,22.0,,16.0,69,1015,-,SE,33.3,Clear
2008-09-28 11:00,24.0,,17.0,65,1015,-,SSE,27.8,Clear
2008-09-28 12:00,24.0,,17.0,65,1014,-,S,29.6,Clear
2008-09-28 13:00,25,,16,48,1015,10,S,18.5,PartlyCloudy
2008-09-28 13:00,25.0,,16.0,57,1014,-,S,18.5,Clear
2008-09-28 14:00,25.0,,16.0,57,1013,-,S,20.4,Clear
2008-09-28 15:00,23.0,,17.0,69,1012,-,S,22.2,Clear
2008-09-28 16:00,22.0,,16.0,69,1011,-,S,27.8,Clear
2008-09-29 08:00,19.0,,16.0,83,1015,-,SSE,27.8,Clear
2008-09-29 09:00,21.0,,16.0,73,1015,-,SSE,22.2,Clear
2008-09-29 10:00,23.0,,16.0,65,1015,-,S,20.4,Clear
2008-09-29 11:00,24.0,,16.0,61,1015,-,S,22.2,Clear
2008-09-29 12:00,24.0,,16.0,61,1014,-,S,25.9,Clear
2008-09-29 13:00,-,,-,,1014,10,SSW,22.2,PartlyCloudy
2008-09-29 13:00,25.0,,16.0,57,1014,-,SSW,22.2,Clear
2008-09-29 14:00,25.0,,16.0,57,1013,-,SSW,22.2,Clear
2008-09-29 15:00,23.0,,15.0,61,1012,-,SSW,25.9,Clear
2008-09-29 16:00,22.0,,15.0,64,1013,-,S,18.5,Clear
2008-09-30 08:00,20.0,,15.0,73,1015,-,SE,31.5,Clear
2008-09-30 10:00,24.0,,16.0,61,1016,-,ESE,25.9,Clear
2008-09-30 11:00,26.0,,17.0,57,1015,-,S,18.5,Clear
2008-09-30 12:00,25.0,,16.0,57,1015,-,S,22.2,Clear
2008-09-30 13:00,24.0,,16.0,61,1015,-,SSW,18.5,Clear
2008-09-30 14:00,23.0,,15.0,61,1014,-,SSW,22.2,Clear
2008-09-30 15:00,22.0,,16.0,69,1013,-,WSW,14.8,Clear
2008-09-30 16:00,22.0,,16.0,69,1013,-,SSW,11.1,Clear
2008-10-01 08:00,19.0,,16.0,83,1016,-,SSE,27.8,Clear
2008-10-01 09:00,20.0,,16.0,78,1016,-,SE,29.6,Clear
2008-10-01 10:00,22.0,,16.0,69,1016,-,ESE,22.2,Clear
2008-10-01 11:00,23.0,,17.0,69,1015,-,SSE,25.9,Clear
2008-10-01 12:00,24.0,,16.0,61,1015,-,S,14.8,Clear
2008-10-01 13:00,24.0,,16.0,61,1014,-,S,14.8,Clear
2008-10-01 14:00,26.0,,17.0,57,1013,-,SSW,18.5,Clear
2008-10-01 15:00,24.0,,17.0,65,1013,-,SSW,14.8,Clear
2008-10-01 16:00,24.0,,17.0,65,1012,-,SSW,18.5,Clear
2008-10-02 08:00,20.0,,15.0,73,1015,-,SE,33.3,Clear
2008-10-02 09:00,21.0,,16.0,73,1016,-,SE,29.6,Clear
2008-10-02 10:00,24.0,,16.0,61,1016,-,SSE,27.8,Clear
2008-10-02 11:00,25.0,,17.0,61,1016,-,SSE,25.9,Clear
2008-10-02 12:00,25.0,,17.0,61,1015,-,S,18.5,Clear
2008-10-02 13:00,25,,16,48,1015,10,S,22.2,PartlyCloudy
2008-10-02 13:00,25.0,,16.0,57,1015,-,S,22.2,Clear
2008-10-02 14:00,25.0,,17.0,61,1014,-,S,18.5,Clear
2008-10-02 15:00,25.0,,16.0,57,1013,-,SSW,22.2,Clear
2008-10-02 16:00,25.0,,15.0,54,1013,-,SSW,22.2,Clear
2008-10-03 08:00,20.0,,15.0,73,1015,-,ESE,29.6,Clear
2008-10-03 09:00,21.0,,16.0,73,1016,-,ESE,25.9,Clear
2008-10-03 10:00,23.0,,17.0,69,1015,-,SE,33.3,Clear
2008-10-03 11:00,26.0,,17.0,57,1015,-,ESE,25.9,Clear
2008-10-03 12:00,26.0,,17.0,57,1014,-,SE,22.2,Clear
2008-10-03 14:00,25.0,,16.0,57,1011,-,S,25.9,Clear
2008-10-03 15:00,23.0,,18.0,73,1010,-,S,33.3,Clear
2008-10-03 16:00,22.0,,16.0,69,1010,-,S,29.6,Clear
2008-10-04 13:00,24.0,,16.0,61,1014,-,SSE,14.8,Clear
2008-10-05 13:00,24.0,,16.0,61,1014,-,SSE,14.8,Clear
2008-10-06 12:00,25.0,,16.0,57,1014,-,SSE,25.9,Clear
2008-10-06 13:00,23,,15,53,1014,10,S,27.8,PartlyCloudy
2008-10-06 13:00,23.0,,15.0,61,1013,-,S,27.8,Clear
2008-10-06 14:00,24.0,,16.0,61,1012,-,SSW,27.8,Clear
2008-10-06 15:00,24.0,,16.0,61,1011,-,S,31.5,Clear
2008-10-06 16:00,22.0,,16.0,69,1011,-,S,37.0,Clear
2008-10-06 17:00,20.0,,16.0,78,1011,-,S,29.6,Clear
2008-10-07 08:00,18.0,,16.0,88,1016,10.0,SSE,20.4,Overcas
2008-10-07 09:00,19.0,,16.0,83,1017,10.0,SSE,27.8,Overcas
2008-10-07 10:00,20.0,,16.0,78,1016,10.0,SE,33.3,Overcas
2008-10-07 11:00,22.0,,16.0,69,1016,-,SE,29.6,Clear
2008-10-07 12:00,23.0,,17.0,69,1015,10.0,SSE,33.3,MostlyCloudy
2008-10-07 14:00,24.0,,16.0,61,1013,-,SSE,33.3,Clear
2008-10-07 15:00,23.0,,17.0,69,1012,-,S,33.3,Clear
2008-10-07 16:00,22.0,,16.0,69,1013,-,S,29.6,Clear
2008-10-08 08:00,18.0,,16.0,88,1013,10.0,SSE,33.3,MostlyCloudy
2008-10-08 09:00,19.0,,16.0,83,1014,10.0,SSE,37.0,MostlyCloudy
2008-10-08 10:00,21.0,,16.0,73,1013,-,SSE,40.7,Clear
2008-10-08 11:00,22.0,,16.0,69,1013,-,SE,37.0,Clear
2008-10-08 12:00,25.0,,17.0,61,1012,-,SSE,33.3,Clear
2008-10-08 13:00,25.0,,17.0,61,1011,-,S,33.3,Clear
2008-10-08 14:00,24.0,,16.0,61,1010,-,S,29.6,Clear
2008-10-08 15:00,22.0,,16.0,69,1010,10.0,S,27.8,Overcas
2008-10-08 16:00,21.0,,16.0,73,1009,10.0,S,33.3,MostlyCloudy
2008-10-09 09:00,20.0,,15.0,73,1015,10.0,SE,25.9,Overcas
2008-10-09 10:00,20.0,,15.0,73,1015,10.0,SSE,22.2,Overcas
2008-10-09 11:00,21.0,,16.0,73,1015,10.0,S,18.5,Overcas
2008-10-09 12:00,22.0,,16.0,69,1014,10.0,S,14.8,MostlyCloudy
2008-10-09 13:00,23,,17,62,1014,18,S,18.5,PartlyCloudy
2008-10-09 13:00,23.0,,17.0,69,1014,10.0,S,18.5,ScatteredClouds
2008-10-09 14:00,24.0,,17.0,65,1012,10.0,SSW,18.5,ScatteredClouds
2008-10-09 15:00,23.0,,17.0,69,1012,10.0,WSW,14.8,MostlyCloudy
2008-10-09 16:00,22.0,,17.0,73,1012,10.0,S,18.5,MostlyCloudy
2008-10-10 08:00,20.0,-,15.0,73,1015,10.0,ESE,25.9,Overcas
2008-10-10 09:00,22.0,-,16.0,69,1016,-,ESE,22.2,Clear
2008-10-10 10:00,24.0,-,16.0,61,1015,-,SSE,14.8,Clear
2008-10-10 11:00,26.0,-,16.0,54,1015,-,S,18.5,Clear
2008-10-10 12:00,25.0,-,16.0,57,1014,-,S,18.5,Clear
2008-10-10 13:00,27.0,27.5,16.0,51,1013,-,SSW,18.5,Clear
2008-10-10 14:00,25.0,-,16.0,57,1012,-,WSW,22.2,Clear
2008-10-10 15:00,25.0,-,17.0,61,1011,-,SSW,18.5,Clear
2008-10-10 16:00,24.0,-,16.0,61,1011,-,SSW,14.8,Clear
2008-10-11 08:00,19.0,,16.0,83,-,10.0,ESE,33.3,Overcas
2008-10-11 09:00,20.0,,16.0,78,1014,10.0,SE,33.3,ScatteredClouds
2008-10-11 10:00,20,,16,72,1014,18,SE,37.0,PartlyCloudy
2008-10-11 10:00,20.0,,16.0,78,1014,-,SE,37.0,Clear
2008-10-11 11:00,21.0,,17.0,78,1013,-,SSE,33.3,Clear
2008-10-11 12:00,22.0,,16.0,69,1013,-,SSE,29.6,Clear
2008-10-11 13:00,25.0,,16.0,57,1012,-,S,27.8,Clear
2008-10-11 14:00,25.0,,16.0,57,1011,-,SSE,25.9,Clear
2008-10-11 15:00,24.0,,16.0,61,1011,-,S,20.4,Clear
2008-10-11 16:00,23.0,,16.0,65,1010,-,S,25.9,Clear
2008-10-12 08:00,19.0,,16.0,83,-,10.0,ESE,33.3,Overcas
2008-10-12 09:00,20.0,,16.0,78,1014,10.0,SE,33.3,ScatteredClouds
2008-10-12 10:00,20,,16,72,1014,18,SE,37.0,PartlyCloudy
2008-10-12 10:00,20.0,,16.0,78,1014,-,SE,37.0,Clear
2008-10-12 11:00,21.0,,17.0,78,1013,-,SSE,33.3,Clear
2008-10-12 12:00,22.0,,16.0,69,1013,-,SSE,29.6,Clear
2008-10-12 13:00,25.0,,16.0,57,1012,-,S,27.8,Clear
2008-10-12 14:00,25.0,,16.0,57,1011,-,SSE,25.9,Clear
2008-10-12 15:00,24.0,,16.0,61,1011,-,S,20.4,Clear
2008-10-12 16:00,23.0,,16.0,65,1010,-,S,25.9,Clear
2008-10-13 08:00,20.0,-,17.0,83,1014,10.0,ESE,25.9,MostlyCloudy
2008-10-13 09:00,21.0,-,17.0,78,1015,10.0,SE,18.5,MostlyCloudy
2008-10-13 10:00,22.0,-,17.0,73,1014,10.0,S,11.1,MostlyCloudy
2008-10-13 11:00,25.0,-,17.0,61,1014,10.0,S,27.8,MostlyCloudy
2008-10-13 12:00,25.0,-,17.0,61,1013,-,S,18.5,Clear
2008-10-13 13:00,25,-,17,51,1013,10,SSW,25.9,PartlyCloudy
2008-10-13 13:00,27.0,27.7,17.0,54,1014,-,SSW,25.9,Clear
2008-10-13 14:00,25.0,-,17.0,61,1012,-,SSW,18.5,Clear
2008-10-13 15:00,25.0,-,17.0,61,1011,-,SSW,25.9,Clear
2008-10-13 16:00,24.0,-,17.0,65,1010,-,S,18.5,Clear
2008-10-14 08:00,20.0,-,15.0,73,1014,-,SSE,33.3,Clear
2008-10-14 09:00,22.0,-,16.0,69,1014,-,SSE,29.6,Clear
2008-10-14 10:00,26.0,-,16.0,54,1014,-,SSE,25.9,Clear
2008-10-14 11:00,27.0,27.5,16.0,51,1014,-,ESE,18.5,Clear
2008-10-14 12:00,27.0,27.5,16.0,51,1013,-,SSE,25.9,Clear
2008-10-14 13:00,28,-,17,43,1014,18,S,22.2,PartlyCloudy
2008-10-14 13:00,28.0,28.5,17.0,51,1013,-,S,22.2,Clear
2008-10-14 14:00,26.0,-,17.0,57,1012,-,SSW,22.2,Clear
2008-10-14 15:00,24.0,-,17.0,65,1011,-,SSW,18.5,Clear
2008-10-14 16:00,23.0,-,17.0,69,1011,-,SSE,22.2,Clear
2008-10-15 08:00,20.0,,16.0,78,1015,-,ESE,27.8,Clear
2008-10-15 09:00,21.0,,16.0,73,1015,-,ESE,25.9,Clear
2008-10-15 10:00,22.0,,16.0,69,1016,-,SSE,22.2,Clear
2008-10-15 11:00,24.0,,16.0,61,1014,-,S,22.2,Clear
2008-10-15 12:00,25.0,,17.0,61,1013,-,SSW,27.8,Clear
2008-10-15 13:00,26.0,,17.0,57,1013,-,SSW,18.5,Clear
2008-10-15 14:00,26.0,,17.0,57,1012,-,S,18.5,Clear
2008-10-15 15:00,25.0,,17.0,61,1011,-,S,22.2,Clear
2008-10-15 16:00,25.0,,17.0,61,1011,-,S,18.5,Clear
2008-10-16 08:00,20.0,,16.0,78,1015,-,ESE,25.9,Clear
2008-10-16 10:00,22.0,,17.0,73,1016,-,S,29.6,Clear
2008-10-16 11:00,24.0,,18.0,69,1015,-,SSE,22.2,Clear
2008-10-16 12:00,25.0,,17.0,61,1015,-,SSW,18.5,Clear
2008-10-16 13:00,26,,17,51,1014,10,S,33.3,PartlyCloudy
2008-10-16 13:00,26.0,,17.0,57,1014,-,S,33.3,Clear
2008-10-16 14:00,24.0,,16.0,61,1012,-,SSW,33.3,Clear
2008-10-16 15:00,24.0,,16.0,61,1011,-,S,18.5,Clear
2008-10-16 16:00,23.0,,16.0,65,1011,-,SSW,27.8,Clear
2008-10-17 08:00,19.0,-,16.0,83,1015,-,SSE,25.9,Clear
2008-10-17 09:00,21.0,-,16.0,73,1016,-,S,22.2,Clear
2008-10-17 10:00,24.0,-,16.0,61,1016,-,SE,16.7,Clear
2008-10-17 11:00,25.0,-,17.0,61,1015,-,S,22.2,Clear
2008-10-17 12:00,25.0,-,17.0,61,1015,-,SSW,20.4,Clear
2008-10-17 13:00,26,-,17,47,1015,15,S,18.5,PartlyCloudy
2008-10-17 13:00,26.0,-,17.0,57,1014,-,S,18.5,Clear
2008-10-17 14:00,27.0,27.7,17.0,54,1013,-,S,13.0,Clear
2008-10-17 15:00,24.0,-,16.0,61,1012,-,S,18.5,Clear
2008-10-17 16:00,23.0,-,16.0,65,1012,-,SSW,22.2,Clear
2008-10-18 08:00,19.0,-,16.0,83,1015,10.0,SSE,27.8,Overcas
2008-10-18 09:00,20.0,-,16.0,78,1016,10.0,SE,33.3,Overcas
2008-10-18 10:00,23.0,-,17.0,69,1016,10.0,SSE,22.2,ScatteredClouds
2008-10-18 11:00,24.0,-,16.0,61,1016,-,N,-,Clear
2008-10-18 12:00,27.0,27.7,17.0,54,1015,-,WSW,14.8,Clear
2008-10-18 13:00,27,-,17,43,1015,15,S,20.4,PartlyCloudy
2008-10-18 13:00,27.0,27.7,17.0,54,1014,-,S,20.4,Clear
2008-10-18 14:00,26.0,-,17.0,57,1013,-,WSW,14.8,Clear
2008-10-18 15:00,25.0,-,16.0,57,1013,-,WSW,22.2,Clear
2008-10-18 16:00,24.0,-,16.0,61,1012,-,WSW,14.8,Clear
2008-10-19 10:00,23,,16,55,1015,15,SSE,18.5,PartlyCloudy
2008-10-20 08:00,19.0,,16.0,83,1014,-,SSE,37.0,Clear
2008-10-20 09:00,21.0,,16.0,73,1014,-,SSE,31.5,Clear
2008-10-20 10:00,23.0,,16.0,65,1015,-,SSE,29.6,Clear
2008-10-20 11:00,25.0,,16.0,57,1014,-,SSE,31.5,Clear
2008-10-20 12:00,25.0,,16.0,57,1014,-,S,27.8,Clear
2008-10-20 13:00,26,,17,44,1014,15,S,18.5,PartlyCloudy
2008-10-20 13:00,26.0,,17.0,57,1012,-,S,18.5,Clear
2008-10-20 14:00,24.0,,16.0,61,1012,-,S,20.4,Clear
2008-10-20 15:00,23.0,,16.0,65,1011,-,S,31.5,Clear
2008-10-20 16:00,22.0,,16.0,69,1011,-,SSW,29.6,Clear
2008-10-21 08:00,19.0,,16.0,83,1015,-,SSE,25.9,Clear
2008-10-21 09:00,21.0,,16.0,73,1016,-,SE,29.6,Clear
2008-10-21 10:00,23.0,,16.0,65,1015,-,SE,33.3,Clear
2008-10-21 11:00,25.0,,16.0,57,1015,-,SE,18.5,Clear
2008-10-21 12:00,25.0,,16.0,57,1014,-,WSW,22.2,Clear
2008-10-21 13:00,25.0,,17.0,61,1014,-,S,22.2,Clear
2008-10-21 14:00,25.0,,16.0,57,1012,-,S,25.9,Clear
2008-10-21 16:00,23.0,,17.0,69,1011,-,SSW,18.5,Clear
2008-10-22 08:00,20.0,,15.0,73,1014,-,ESE,33.3,Clear
2008-10-22 09:00,21.0,,15.0,68,1014,-,SSE,25.9,Clear
2008-10-22 10:00,23.0,,16.0,65,1014,-,SSE,27.8,Clear
2008-10-22 11:00,25.0,,16.0,57,1014,-,SSE,29.6,Clear
2008-10-22 12:00,26.0,,17.0,57,1013,-,SSE,18.5,Clear
2008-10-22 13:00,26,,17,48,1013,15,S,18.5,PartlyCloudy
2008-10-22 13:00,26.0,,17.0,57,1012,-,S,18.5,Clear
2008-10-22 14:00,25.0,,16.0,57,1011,-,S,13.0,Clear
2008-10-22 15:00,24.0,,17.0,65,1011,-,SSW,25.9,Clear
2008-10-22 16:00,23.0,,16.0,65,1011,-,SSE,18.5,Clear
2008-10-23 08:00,18.0,,16.0,88,1015,10.0,ESE,29.6,Overcas
2008-10-23 09:00,21.0,,16.0,73,1015,-,SE,25.9,Clear
2008-10-23 10:00,21.0,,16.0,73,1015,-,S,37.0,Clear
2008-10-23 11:00,25.0,,17.0,61,1015,-,SSE,29.6,Clear
2008-10-23 12:00,25.0,,16.0,57,1014,-,S,29.6,Clear
2008-10-23 13:00,25.0,,16.0,57,1013,-,S,29.6,Clear
2008-10-23 14:00,24.0,,16.0,61,1013,-,SSW,25.9,Clear
2008-10-23 15:00,24.0,,16.0,61,1012,-,SSW,22.2,Clear
2008-10-23 16:00,22.0,,16.0,69,1012,-,SSW,29.6,Clear
2008-10-24 08:00,19.0,,15.0,78,1015,-,SSE,37.0,Clear
2008-10-24 09:00,20.0,,15.0,73,1015,-,ESE,33.3,Clear
2008-10-24 10:00,24.0,,16.0,61,1015,-,SSE,29.6,Clear
2008-10-24 11:00,26.0,,17.0,57,1015,-,SE,33.3,Clear
2008-10-24 12:00,26.0,,17.0,57,1014,-,SSE,14.8,Clear
2008-10-24 13:00,27,,16,43,1013,10,S,18.5,PartlyCloudy
2008-10-24 13:00,24.0,,16.0,61,1013,-,S,18.5,Clear
2008-10-24 14:00,26.0,,18.0,61,1012,-,S,29.6,Clear
2008-10-24 15:00,25.0,,16.0,57,1011,-,S,25.9,Clear
2008-10-24 16:00,23.0,,16.0,65,1011,-,SSW,18.5,Clear
2008-10-25 08:00,20.0,,15.0,73,1014,-,SSE,37.0,Clear
2008-10-25 09:00,20.0,,15.0,73,1014,-,SSE,29.6,Clear
2008-10-25 10:00,23.0,,16.0,65,1014,-,SSE,29.6,Clear
2008-10-25 11:00,25.0,,16.0,57,1014,-,S,14.8,Clear
2008-10-25 12:00,25.0,,16.0,57,1013,-,S,18.5,Clear
2008-10-25 13:00,25,,16,48,1013,10,S,37.0,PartlyCloudy
2008-10-25 13:00,25.0,,16.0,57,1012,-,S,37.0,Clear
2008-10-25 14:00,24.0,,16.0,61,1012,-,SSW,22.2,Clear
2008-10-25 15:00,23.0,,16.0,65,1011,-,SSW,29.6,Clear
2008-10-25 16:00,22.0,,16.0,69,1011,-,S,22.2,Clear
2008-10-25 17:00,21.0,,16.0,73,1011,-,SSE,18.5,Clear
2008-10-26 09:00,21.0,,16.0,73,1015,-,SSE,25.9,Clear
2008-10-26 10:00,24.0,,16.0,61,1015,-,SSE,22.2,Clear
2008-10-26 11:00,25.0,,16.0,57,1014,-,S,22.2,Clear
2008-10-26 12:00,25.0,,16.0,57,1014,-,S,18.5,Clear
2008-10-27 08:00,19.0,-,14.0,73,1015,-,SSE,44.4,Clear
2008-10-27 09:00,21.0,-,16.0,73,1015,-,SE,33.3,Clear
2008-10-27 10:00,22.0,-,16.0,69,1015,-,SSE,37.0,Clear
2008-10-27 11:00,25.0,-,16.0,57,1015,-,SSE,33.3,Clear
2008-10-27 12:00,27.0,27.5,16.0,51,1014,-,SSE,29.6,Clear
2008-10-27 13:00,27,-,16,42,1014,10,S,27.8,PartlyCloudy
2008-10-27 13:00,27.0,27.7,17.0,54,1013,-,S,27.8,Clear
2008-10-27 14:00,26.0,-,17.0,57,1012,-,S,22.2,Clear
2008-10-27 15:00,25.0,-,17.0,61,1011,-,S,18.5,Clear
2008-10-27 16:00,24.0,-,17.0,65,1011,-,S,22.2,Clear
2008-10-28 08:00,18.0,,15.0,83,1015,10.0,SE,40.7,Overcas
2008-10-28 09:00,19.0,,16.0,83,1016,10.0,SE,33.3,Overcas
2008-10-28 10:00,21.0,,16.0,73,1015,-,SSE,22.2,Clear
2008-10-28 11:00,24.0,,16.0,61,1015,-,SSE,18.5,Clear
2008-10-28 12:00,24.0,,16.0,61,1014,-,S,25.9,Clear
2008-10-28 13:00,23,,16,57,1014,18,SSE,33.3,PartlyCloudy
2008-10-28 13:00,23.0,,16.0,65,1013,-,SSE,33.3,Clear
2008-10-28 14:00,24.0,,16.0,61,1012,-,SSE,25.9,Clear
2008-10-28 15:00,24.0,,16.0,61,1011,-,S,18.5,Clear
2008-10-28 16:00,22.0,,16.0,69,1010,-,S,29.6,Clear
2008-10-29 09:00,21.0,-,16.0,73,1015,-,ESE,33.3,Clear
2008-10-29 10:00,23.0,-,17.0,69,1015,-,SSE,33.3,Clear
2008-10-29 11:00,25.0,-,16.0,57,1014,-,SSE,14.8,Clear
2008-10-29 12:00,26.0,-,16.0,54,1013,-,S,22.2,Clear
2008-10-29 13:00,27,-,16,42,1013,10,SSW,18.5,PartlyCloudy
2008-10-29 13:00,27.0,27.5,16.0,51,1012,-,SSW,18.5,Clear
2008-10-29 14:00,25.0,-,16.0,57,1011,-,SSW,29.6,Clear
2008-10-29 15:00,24.0,-,16.0,61,1011,-,S,29.6,Clear
2008-10-29 16:00,22.0,-,16.0,69,1011,-,SSW,22.2,Clear
2008-10-30 08:00,20.0,,15.0,73,1015,-,SSE,33.3,Clear
2008-10-30 09:00,22.0,,16.0,69,1015,-,SSE,27.8,Clear
2008-10-30 10:00,24.0,,16.0,61,1015,-,S,24.1,Clear
2008-10-30 11:00,25.0,,16.0,57,1015,-,SSE,22.2,Clear
2008-10-30 12:00,25.0,,16.0,57,1014,-,SSW,18.5,Clear
2008-10-30 13:00,25,,16,45,1015,17,S,18.5,PartlyCloudy
2008-10-30 13:00,25.0,,16.0,57,1014,-,S,18.5,Clear
2008-10-30 14:00,24.0,,16.0,61,1013,-,S,25.9,Clear
2008-10-30 15:00,24.0,,16.0,61,1012,-,S,18.5,Clear
2008-10-30 16:00,22.0,,16.0,69,1012,-,S,27.8,Clear
2008-10-31 08:00,18.0,,16.0,88,1016,-,SSE,29.6,Clear
2008-10-31 09:00,20.0,,16.0,78,1017,-,SSE,27.8,Clear
2008-10-31 10:00,22.0,,16.0,69,1017,-,SSE,25.9,Clear
2008-10-31 11:00,24.0,,16.0,61,1016,-,S,22.2,Clear
2008-10-31 12:00,24.0,,16.0,61,1011,-,S,33.3,Clear
2008-10-31 13:00,25.0,,16.0,57,1015,-,S,37.0,Clear
2008-10-31 14:00,25.0,,16.0,57,1013,-,SSW,22.2,Clear
2008-10-31 15:00,24.0,,16.0,61,1013,-,SSW,18.5,Clear
2008-10-31 16:00,22.0,,16.0,69,1012,-,S,22.2,Clear
2008-11-01 08:00,20.0,,16.0,78,1015,-,SE,25.9,Clear
2008-11-01 09:00,22.0,,16.0,69,1015,-,S,22.2,Clear
2008-11-01 10:00,25.0,,16.0,57,1015,-,SSE,22.2,Clear
2008-11-01 11:00,25.0,,16.0,57,1015,-,S,22.2,Clear
2008-11-01 12:00,25.0,,16.0,57,1014,-,SSW,14.8,Clear
2008-11-01 13:00,26,,16,45,1015,10,SSW,18.5,PartlyCloudy
2008-11-01 13:00,26.0,,16.0,54,1014,-,SSW,18.5,Clear
2008-11-01 14:00,24.0,,16.0,61,1013,-,SSW,22.2,Clear
2008-11-01 15:00,24.0,,16.0,61,1013,-,SSW,25.9,Clear
2008-11-01 16:00,23.0,,16.0,65,1012,-,SSW,18.5,Clear
2008-11-02 08:00,20.0,,16.0,78,1015,-,SE,25.9,Clear
2008-11-02 09:00,22.0,,16.0,69,1015,-,S,22.2,Clear
2008-11-02 10:00,25.0,,16.0,57,1015,-,SSE,22.2,Clear
2008-11-02 11:00,25.0,,16.0,57,1015,-,S,22.2,Clear
2008-11-02 12:00,25.0,,16.0,57,1014,-,SSW,14.8,Clear
2008-11-02 13:00,26,,16,45,1015,10,SSW,18.5,PartlyCloudy
2008-11-02 13:00,26.0,,16.0,54,1014,-,SSW,18.5,Clear
2008-11-02 14:00,24.0,,16.0,61,1013,-,SSW,22.2,Clear
2008-11-02 15:00,24.0,,16.0,61,1013,-,SSW,25.9,Clear
2008-11-02 16:00,23.0,,16.0,65,1012,-,SSW,18.5,Clear
2008-11-03 08:00,21.0,-,15.0,68,1015,-,ESE,22.2,Clear
2008-11-03 09:00,24.0,-,16.0,61,1016,-,SSE,25.9,Clear
2008-11-03 10:00,24.0,-,16.0,61,1016,-,SSE,22.2,Clear
2008-11-03 11:00,25.0,-,16.0,57,1015,-,S,22.2,Clear
2008-11-03 12:00,20.0,-,16.0,78,1014,-,S,18.5,Clear
2008-11-03 13:00,27,-,16,40,1014,10,S,22.2,PartlyCloudy
2008-11-03 13:00,27.0,27.5,16.0,51,1013,-,S,22.2,Clear
2008-11-03 14:00,27.0,27.5,16.0,51,1013,-,SSW,18.5,Clear
2008-11-03 15:00,25.0,-,18.0,65,1012,-,SSW,22.2,Clear
2008-11-03 16:00,24.0,-,16.0,61,1012,-,S,22.2,Clear
2008-11-04 08:00,19.0,,16.0,83,1014,-,SSE,22.2,Clear
2008-11-04 09:00,21.0,,16.0,73,1015,-,SSE,24.1,Clear
2008-11-04 10:00,21.0,,16.0,73,1014,-,S,22.2,Clear
2008-11-04 11:00,24.0,,17.0,65,1014,-,SSE,18.5,Clear
2008-11-04 12:00,25.0,,17.0,61,1013,-,S,22.2,Clear
2008-11-04 13:00,26.0,,17.0,57,1013,-,S,18.5,Clear
2008-11-04 14:00,26.0,,17.0,57,1012,-,SSW,18.5,Clear
2008-11-04 15:00,26.0,,17.0,57,1012,-,SSW,18.5,Clear
2008-11-04 16:00,25.0,,17.0,61,1011,-,SSW,22.2,Clear
2008-11-05 08:00,19.0,-,16.0,83,1015,-,SSE,27.8,Clear
2008-11-05 09:00,20.0,-,17.0,83,1015,-,SSE,31.5,Clear
2008-11-05 10:00,22,-,17,68,1016,18,SSE,22.2,PartlyCloudy
2008-11-05 10:00,22.0,-,17.0,73,1015,-,SSE,22.2,Clear
2008-11-05 11:00,24.0,-,17.0,65,1015,-,SSE,14.8,Clear
2008-11-05 12:00,26.0,-,17.0,57,1014,-,SSW,14.8,Clear
2008-11-05 13:00,27.0,27.7,17.0,54,1013,-,SSW,11.1,Clear
2008-11-05 14:00,28.0,28.5,17.0,51,1012,-,SW,18.5,Clear
2008-11-05 15:00,26.0,-,17.0,57,1011,-,SSW,18.5,Clear
2008-11-05 16:00,24.0,-,17.0,65,1011,-,SSW,14.8,Clear
2008-11-06 08:00,19.0,,16.0,83,1015,10.0,SSE,27.8,Overcas
2008-11-06 09:00,20.0,,16.0,78,1015,10.0,SSE,33.3,Overcas
2008-11-06 10:00,23.0,,16.0,65,1015,-,SSE,29.6,Clear
2008-11-06 11:00,24.0,,16.0,61,1014,-,SSE,22.2,Clear
2008-11-06 12:00,25.0,,16.0,57,1014,-,SSW,14.8,Clear
2008-11-06 13:00,26,,16,43,1013,18,SSW,22.2,PartlyCloudy
2008-11-06 13:00,26.0,,16.0,54,1013,-,SSW,22.2,Clear
2008-11-06 14:00,26.0,,16.0,54,1012,-,S,14.8,Clear
2008-11-06 15:00,25.0,,16.0,57,1012,-,SSW,18.5,Clear
2008-11-06 16:00,24.0,,16.0,61,1012,-,S,14.8,Clear
2008-11-07 10:00,24,-,16,54,1016,18,ESE,37.0,PartlyCloudy
2008-11-07 10:00,24.0,-,16.0,61,1015,-,ESE,37.0,Clear
2008-11-07 11:00,25.0,-,16.0,57,1014,-,ESE,33.3,Clear
2008-11-07 12:00,27.0,27.5,16.0,51,1014,-,SE,37.0,Clear
2008-11-07 13:00,28.0,28.3,16.0,48,1013,-,S,22.2,Clear
2008-11-07 14:00,27.0,27.5,16.0,51,1012,-,SSW,29.6,Clear
2008-11-07 15:00,26.0,-,16.0,54,1011,-,S,29.6,Clear
2008-11-07 16:00,25,-,16,49,1012,10,S,22.2,PartlyCloudy
2008-11-07 16:00,25.0,-,16.0,57,1011,-,S,22.2,Clear
2008-11-08 08:00,20.0,,15.0,73,1015,-,ESE,40.7,Clear
2008-11-08 09:00,23.0,,15.0,61,1016,-,ESE,37.0,Clear
2008-11-08 10:00,23,,15,53,1016,18,SSE,37.0,PartlyCloudy
2008-11-08 10:00,23.0,,15.0,61,1016,-,SSE,37.0,Clear
2008-11-08 11:00,25.0,,16.0,57,1015,-,S,27.8,Clear
2008-11-08 12:00,26.0,,16.0,54,1014,-,S,22.2,Clear
2008-11-08 13:00,26.0,,16.0,54,1013,-,SSW,22.2,Clear
2008-11-08 14:00,26.0,,16.0,54,1012,-,SSW,22.2,Clear
2008-11-08 15:00,25.0,,16.0,57,1011,-,SSW,18.5,Clear
2008-11-08 16:00,25,,16,48,1012,18,SSW,22.2,PartlyCloudy
2008-11-08 16:00,25.0,,16.0,57,1011,-,SSW,22.2,Clear
2008-11-09 08:00,20.0,,15.0,73,1015,-,ESE,40.7,Clear
2008-11-09 09:00,23.0,,15.0,61,1016,-,ESE,37.0,Clear
2008-11-09 10:00,23,,15,53,1016,18,SSE,37.0,PartlyCloudy
2008-11-09 10:00,23.0,,15.0,61,1016,-,SSE,37.0,Clear
2008-11-09 11:00,25.0,,16.0,57,1015,-,S,27.8,Clear
2008-11-09 12:00,26.0,,16.0,54,1014,-,S,22.2,Clear
2008-11-09 13:00,26.0,,16.0,54,1013,-,SSW,22.2,Clear
2008-11-09 14:00,26.0,,16.0,54,1012,-,SSW,22.2,Clear
2008-11-09 15:00,25.0,,16.0,57,1011,-,SSW,18.5,Clear
2008-11-09 16:00,25,,16,48,1012,18,SSW,22.2,PartlyCloudy
2008-11-09 16:00,25.0,,16.0,57,1011,-,SSW,22.2,Clear
2008-11-10 08:00,20.0,,16.0,78,1014,-,SSE,25.9,Clear
2008-11-10 09:00,21.0,,16.0,73,1014,-,SE,22.2,Clear
2008-11-10 10:00,23.0,,16.0,65,1014,-,SSE,18.5,Clear
2008-11-10 11:00,24.0,,16.0,61,1013,-,S,13.0,Clear
2008-11-10 12:00,25.0,,16.0,57,1013,-,SSE,14.8,Clear
2008-11-10 13:00,25,,16,48,1012,18,S,18.5,PartlyCloudy
2008-11-10 14:00,25.0,,16.0,57,1011,-,SSW,22.2,Clear
2008-11-10 15:00,24.0,,16.0,61,1010,-,SSW,25.9,Clear
2008-11-10 16:00,23,,16,59,1011,17,S,29.6,PartlyCloudy
2008-11-10 16:00,23.0,,16.0,65,1010,-,S,29.6,Clear
2008-11-11 08:00,19.0,,16.0,83,1014,-,SE,27.8,Clear
2008-11-11 09:00,21.0,,16.0,73,1014,-,SE,33.3,Clear
2008-11-11 10:00,24,,16,54,1015,18,SE,27.8,PartlyCloudy
2008-11-11 10:00,24.0,,16.0,61,1014,-,SE,27.8,Clear
2008-11-11 11:00,25.0,,16.0,57,1013,-,SSW,25.9,Clear
2008-11-11 12:00,26.0,,16.0,54,1013,-,SSW,27.8,Clear
2008-11-11 13:00,26,,16,44,1013,18,SSW,25.9,PartlyCloudy
2008-11-11 13:00,26.0,,16.0,54,1012,-,SSW,25.9,Clear
2008-11-11 14:00,25.0,,16.0,57,1011,-,SSW,22.2,Clear
2008-11-11 15:00,25.0,,16.0,57,1010,-,SSW,22.2,Clear
2008-11-11 16:00,23.0,,16.0,65,1010,-,SSW,22.2,Clear
2008-11-12 08:00,20.0,,15.0,73,1012,-,SSE,33.3,Clear
2008-11-12 09:00,22.0,,16.0,69,1012,-,SE,31.5,Clear
2008-11-12 10:00,24,,16,52,1013,18,SSE,22.2,PartlyCloudy
2008-11-12 10:00,24.0,,16.0,61,1012,-,SSE,37.0,Clear
2008-11-12 11:00,25.0,,16.0,57,1012,-,S,18.5,Clear
2008-11-12 12:00,26.0,,16.0,54,1011,-,S,22.2,Clear
2008-11-12 13:00,26,,16,45,1012,18,SSW,18.5,PartlyCloudy
2008-11-12 13:00,26.0,,16.0,54,1011,-,SSW,18.5,Clear
2008-11-12 14:00,25.0,,16.0,57,1010,-,S,25.9,Clear
2008-11-12 15:00,24.0,,16.0,61,1010,-,S,22.2,Clear
2008-11-12 16:00,23,,16,58,1010,18,S,20.4,PartlyCloudy
2008-11-12 16:00,23.0,,16.0,65,1009,-,S,20.4,Clear
2008-11-13 16:00,25.0,-,16.0,57,1009,-,SSW,20, NA
2008-11-14 08:00,20.0,,16.0,78,1014,-,S,18.5,Clear
2008-11-14 09:00,22.0,,16.0,69,1014,-,SSE,22.2,Clear
2008-11-14 10:00,23.0,,16.0,65,1014,-,S,22.2,Clear
2008-11-14 11:00,24.0,,16.0,61,1014,-,SSE,22.2,Clear
2008-11-14 13:00,26,,16,44,1014,18,SSW,18.5,PartlyCloudy
2008-11-14 16:00,25,,16,48,1012,18,SSW,29.6,PartlyCloudy
2008-11-14 16:00,25.0,,16.0,57,1011,-,SSW,29.6,Clear
2008-11-15 08:00,20.0,-,17.0,83,1013,-,SE,31.5,Clear
2008-11-15 09:00,22.0,-,17.0,73,1012,-,SE,27.8,Clear
2008-11-15 10:00,25,-,17,49,1014,15,S,29.6,PartlyCloudy
2008-11-15 10:00,25.0,-,17.0,61,1013,-,S,29.6,Clear
2008-11-15 11:00,26.0,-,17.0,57,1012,-,SSE,37.0,Clear
2008-11-15 12:00,27.0,27.7,17.0,54,1012,-,SSE,22.2,Clear
2008-11-15 13:00,58,-,17,6,1012,20,S,29.6,PartlyCloudy
2008-11-15 13:00,28.0,28.5,17.0,51,1011,-,S,29.6,Clear
2008-11-15 14:00,29.0,29.4,17.0,48,1010,-,SSW,18.5,Clear
2008-11-15 15:00,27.0,27.7,17.0,54,1009,-,S,22.2,Clear
2008-11-15 16:00,26,-,17,48,1010,18,S,18.5,PartlyCloudy
2008-11-15 16:00,26.0,-,17.0,57,1009,-,S,18.5,Clear
2008-11-16 08:00,20.0,-,17.0,83,1013,-,SE,31.5,Clear
2008-11-16 09:00,22.0,-,17.0,73,1012,-,SE,27.8,Clear
2008-11-16 10:00,25,-,17,49,1014,15,S,29.6,PartlyCloudy
2008-11-16 10:00,25.0,-,17.0,61,1013,-,S,29.6,Clear
2008-11-16 11:00,26.0,-,17.0,57,1012,-,SSE,37.0,Clear
2008-11-16 12:00,27.0,27.7,17.0,54,1012,-,SSE,22.2,Clear
2008-11-16 13:00,58,-,17,6,1012,20,S,29.6,PartlyCloudy
2008-11-16 13:00,28.0,28.5,17.0,51,1011,-,S,29.6,Clear
2008-11-16 14:00,29.0,29.4,17.0,48,1010,-,SSW,18.5,Clear
2008-11-16 15:00,27.0,27.7,17.0,54,1009,-,S,22.2,Clear
2008-11-16 16:00,26,-,17,48,1010,18,S,18.5,PartlyCloudy
2008-11-16 16:00,26.0,-,17.0,57,1009,-,S,18.5,Clear
2008-11-17 08:00,20.0,-,18.0,88,1015,-,SE,22.2,Clear
2008-11-17 09:00,22.0,-,18.0,78,1015,-,SSE,27.8,Clear
2008-11-17 10:00,24,-,17,61,1016,14,SSE,22.2,PartlyCloudy
2008-11-17 10:00,24.0,-,17.0,65,1015,-,SSE,22.2,Clear
2008-11-17 11:00,25.0,-,17.0,61,1014,-,SSE,25.9,Clear
2008-11-17 12:00,27.0,27.7,17.0,54,1014,-,S,18.5,Clear
2008-11-17 13:00,28,-,17,42,1014,15,S,20.4,PartlyCloudy
2008-11-17 13:00,28.0,28.5,17.0,51,1013,-,S,20.4,Clear
2008-11-17 14:00,28.0,28.8,18.0,54,1012,-,SSW,33.3,Clear
2008-11-17 15:00,26.0,-,17.0,57,1011,-,SW,24.1,Clear
2008-11-17 16:00,26,-,17,48,1012,15,S,18.5,PartlyCloudy
2008-11-17 16:00,26.0,-,17.0,57,1011,-,S,18.5,Clear
2008-11-18 08:00,20.0,,16.0,78,1014,-,SE,22.2,Clear
2008-11-18 09:00,22.0,,16.0,69,1014,-,SE,37.0,Clear
2008-11-18 10:00,24,,16,53,1015,18,SSE,29.6,PartlyCloudy
2008-11-18 10:00,24.0,,16.0,61,1014,-,SSE,29.6,Clear
2008-11-18 11:00,25.0,,17.0,61,1014,-,S,29.6,Clear
2008-11-18 12:00,25.0,,16.0,57,1014,-,S,29.6,Clear
2008-11-18 13:00,25,,16,49,1013,18,SSW,22.2,PartlyCloudy
2008-11-18 13:00,25.0,,16.0,57,1013,-,SSW,22.2,Clear
2008-11-18 14:00,24.0,,16.0,61,1012,-,SSW,33.3,Clear
2008-11-18 15:00,23.0,,16.0,65,1011,-,SSW,18.5,Clear
2008-11-18 16:00,23,,16,58,1012,18,SSW,25.9,PartlyCloudy
2008-11-18 16:00,23.0,,16.0,65,1011,-,SSW,22.2,Clear
2008-11-19 08:00,20.0,,16.0,78,1014,-,SE,27.8,Clear
2008-11-19 09:00,22.0,,16.0,69,1015,-,SSE,29.6,Clear
2008-11-19 10:00,24.0,,16.0,61,1014,-,SSE,27.8,Clear
2008-11-19 11:00,25.0,,16.0,57,1014,-,SSE,22.2,Clear
2008-11-19 12:00,26.0,,16.0,54,1013,-,SSE,22.2,Clear
2008-11-19 13:00,26,,16,45,1013,18,S,24.1,PartlyCloudy
2008-11-19 13:00,26.0,,16.0,54,1012,-,S,22.2,Clear
2008-11-19 14:00,26.0,,16.0,54,1011,-,SSW,22.2,Clear
2008-11-19 15:00,24.0,,16.0,61,1011,-,S,37.0,Clear
2008-11-19 16:00,23,,16,58,1012,18,SSW,18.5,PartlyCloudy
2008-11-20 08:00,20.0,,16.0,78,1014,-,SSE,31.5,Clear
2008-11-20 09:00,21.0,,16.0,73,1015,-,SSE,25.9,Clear
2008-11-20 10:00,24,,16,53,1016,18,SSE,22.2,PartlyCloudy
2008-11-20 13:00,25,,16,52,1013,18,S,33.3,PartlyCloudy
2008-11-21 08:00,20.0,,15.0,73,1014,-,SE,42.6,Clear
2008-11-21 09:00,22.0,,16.0,69,1014,-,SE,37.0,Clear
2008-11-21 10:00,24.0,,16.0,61,1014,-,SE,27.8,Clear
2008-11-21 11:00,24.0,,16.0,61,1013,-,S,29.6,Clear
2008-11-21 12:00,24.0,,16.0,61,1013,-,S,33.3,Clear
2008-11-21 13:00,25.0,,16.0,57,1012,-,S,29.6,Clear
2008-11-21 14:00,24.0,,16.0,61,1011,-,S,22.2,Clear
2008-11-21 15:00,24.0,,16.0,61,1010,-,S,27.8,Clear
2008-11-21 16:00,23,,16,59,1011,18,S,37.0,PartlyCloudy
2008-11-21 16:00,23.0,,16.0,65,1010,-,S,37.0,Clear
2008-11-22 08:00,20.0,,15.0,73,1014,-,SSE,27.8,Clear
2008-11-22 09:00,21.0,,16.0,73,1015,-,SSE,29.6,Clear
2008-11-22 10:00,23,,16,58,1016,18,ESE,22.2,PartlyCloudy
2008-11-22 10:00,23.0,,16.0,65,1015,-,ESE,22.2,Clear
2008-11-22 11:00,25.0,,16.0,57,1014,-,S,18.5,Clear
2008-11-22 12:00,25.0,,16.0,57,1014,-,SSE,18.5,Clear
2008-11-22 13:00,26,,16,47,1013,18,SSE,22.2,PartlyCloudy
2008-11-22 14:00,25.0,,16.0,57,1012,-,SSW,18.5,Clear
2008-11-22 15:00,25.0,,16.0,57,1011,-,SSW,18.5,Clear
2008-11-22 16:00,24,,16,53,1012,18,S,22.2,PartlyCloudy
2008-11-22 16:00,24.0,,16.0,61,1011,-,S,22.2,Clear
2008-11-23 08:00,20.0,,15.0,73,1014,-,SSE,27.8,Clear
2008-11-23 09:00,21.0,,16.0,73,1015,-,SSE,29.6,Clear
2008-11-23 10:00,23,,16,58,1016,18,ESE,22.2,PartlyCloudy
2008-11-23 10:00,23.0,,16.0,65,1015,-,ESE,22.2,Clear
2008-11-23 11:00,25.0,,16.0,57,1014,-,S,18.5,Clear
2008-11-23 12:00,25.0,,16.0,57,1014,-,SSE,18.5,Clear
2008-11-23 13:00,26,,16,47,1013,18,SSE,22.2,PartlyCloudy
2008-11-23 14:00,25.0,,16.0,57,1012,-,SSW,18.5,Clear
2008-11-23 15:00,25.0,,16.0,57,1011,-,SSW,18.5,Clear
2008-11-23 16:00,24,,16,53,1012,18,S,22.2,PartlyCloudy
2008-11-23 16:00,24.0,,16.0,61,1011,-,S,22.2,Clear
2008-11-24 08:00,20.0,-,16.0,78,1013,-,SE,33.3,Clear
2008-11-24 09:00,21.0,-,16.0,73,1013,-,SSE,31.5,Clear
2008-11-24 10:00,24,-,16,52,1014,18,SSE,33.3,PartlyCloudy
2008-11-24 10:00,24.0,-,16.0,61,1013,-,SSE,33.3,Clear
2008-11-24 11:00,26.0,-,17.0,57,1013,-,S,27.8,Clear
2008-11-24 13:00,27,-,18,49,1013,18,S,25.9,PartlyCloudy
2008-11-24 13:00,27.0,27.9,18.0,58,1012,-,S,25.9,Clear
2008-11-24 14:00,25.0,-,16.0,57,1011,-,S,18.5,Clear
2008-11-24 15:00,24.0,-,16.0,61,1010,-,SSW,29.6,Clear
2008-11-24 16:00,23,-,16,57,,18,SSW,25.9,Clear
2008-11-24 16:00,23.0,-,16.0,65,1009,-,SSW,25.9,Clear
2008-11-25 08:00,20.0,-,16.0,78,-,-,SE,37.0,Clear
2008-11-25 09:00,22.0,-,16.0,69,1014,-,SE,25.9,Clear
2008-11-25 10:00,24,-,16,54,1015,18,SSE,18.5,PartlyCloudy
2008-11-25 10:00,24.0,-,16.0,61,1014,-,SSE,18.5,Clear
2008-11-25 11:00,25.0,-,17.0,61,1014,-,SSE,11.1,Clear
2008-11-25 12:00,26.0,-,17.0,57,1014,-,S,18.5,Clear
2008-11-25 13:00,27,-,17,45,1014,18,SSW,22.2,PartlyCloudy
2008-11-25 13:00,27.0,27.7,17.0,54,1013,-,SSW,22.2,Clear
2008-11-25 14:00,26.0,-,17.0,57,1012,-,WSW,27.8,Clear
2008-11-25 15:00,25.0,-,16.0,57,1011,-,WSW,25.9,Clear
2008-11-25 16:00,23,-,16,58,1010,18,SSW,25.9,PartlyCloudy
2008-11-25 16:00,25.0,-,16.0,57,1011,-,SSW,18.5,Clear
2008-11-26 08:00,20.0,,16.0,78,1016,-,SSE,14.8,Clear
2008-11-26 09:00,22.0,,16.0,69,1016,-,SE,18.5,Clear
2008-11-26 10:00,24,,17,55,1018,17,SSE,18.5,PartlyCloudy
2008-11-26 10:00,24.0,,17.0,65,1016,-,SSE,18.5,Clear
2008-11-26 11:00,25.0,,17.0,61,1016,-,SSW,18.5,Clear
2008-11-26 13:00,26,,17,47,1016,16,SSW,9.3,PartlyCloudy
2008-11-26 13:00,26.0,,17.0,57,1015,-,SSW,9.3,Clear
2008-11-26 14:00,26.0,,18.0,61,1014,-,SSW,16.7,Clear
2008-11-26 15:00,25.0,,16.0,57,1013,-,WSW,18.5,Clear
2008-11-26 16:00,25,,16,48,1014,18,WSW,22.2,PartlyCloudy
2008-11-26 16:00,25.0,,16.0,57,1013,-,WSW,22.2,Clear
2008-11-27 08:00,21.0,-,16.0,73,1016,-,SE,29.6,Clear
2008-11-27 09:00,23.0,-,17.0,69,1017,-,ESE,31.5,Clear
2008-11-27 10:00,25.0,-,17.0,61,1017,-,ESE,27.8,Clear
2008-11-27 11:00,27.0,27.7,17.0,54,1016,-,SE,18.5,Clear
2008-11-27 12:00,28.0,28.5,17.0,51,1015,-,S,22.2,Clear
2008-11-27 13:00,28,-,18,45,1016,18,SSW,22.2,PartlyCloudy
2008-11-27 13:00,28.0,28.8,18.0,54,1015,-,SSW,22.2,Clear
2008-11-27 16:00,25,-,16,48,1014,18,SSW,22.2,PartlyCloudy
2008-11-27 16:00,25.0,-,16.0,57,1013,-,SSW,22.2,Clear
2008-11-28 08:00,22.0,-,17.0,73,1016,-,SE,29.6,Clear
2008-11-28 09:00,24.0,-,16.0,61,1016,-,SE,31.5,Clear
2008-11-28 10:00,26,-,17,48,1017,18,SSE,18.5,PartlyCloudy
2008-11-28 10:00,26.0,-,17.0,57,1016,-,SSE,18.5,Clear
2008-11-28 11:00,28.0,28.8,18.0,54,1015,-,SSE,14.8,Clear
2008-11-28 12:00,29.0,29.4,17.0,48,1015,-,S,14.8,Clear
2008-11-28 13:00,29,-,17,39,1015,18,S,18.5,PartlyCloudy
2008-11-28 13:00,29.0,29.4,17.0,48,1014,-,S,18.5,Clear
2008-11-28 14:00,30.0,30.3,17.0,45,1013,-,S,18.5,Clear
2008-11-28 15:00,28.0,28.8,18.0,54,1012,-,SSW,18.5,Clear
2008-11-28 16:00,26,-,17,48,1012,18,SSW,24.1,PartlyCloudy
2008-11-28 16:00,26.0,-,17.0,57,1011,-,SSW,24.1,Clear
2008-11-29 08:00,22.0,-,17.0,73,1014,-,ESE,33.3,Clear
2008-11-29 09:00,25.0,-,16.0,57,1014,-,SE,31.5,Clear
2008-11-29 10:00,27.0,27.7,17.0,54,1014,-,SSE,27.8,Clear
2008-11-29 11:00,28.0,28.5,17.0,51,1013,-,SSE,25.9,Clear
2008-11-29 12:00,29.0,29.4,17.0,48,1013,-,S,18.5,Clear
2008-11-29 13:00,28,-,17,41,1014,18,S,18.5,PartlyCloudy
2008-11-29 13:00,28.0,28.5,17.0,51,1013,-,S,18.5,Clear
2008-11-29 14:00,28.0,28.5,17.0,51,1012,-,SSW,22.2,Clear
2008-11-29 15:00,28.0,28.5,17.0,51,-,-,SSW,18.5,Clear
2008-11-29 16:00,25,-,16,48,1012,18,SSE,25.9,PartlyCloudy
2008-11-29 16:00,25.0,-,16.0,57,1010,-,SSE,25.9,Clear
2008-11-30 08:00,22.0,-,17.0,73,1014,-,ESE,33.3,Clear
2008-11-30 09:00,25.0,-,16.0,57,1014,-,SE,31.5,Clear
2008-11-30 10:00,27.0,27.7,17.0,54,1014,-,SSE,27.8,Clear
2008-11-30 11:00,28.0,28.5,17.0,51,1013,-,SSE,25.9,Clear
2008-11-30 12:00,29.0,29.4,17.0,48,1013,-,S,18.5,Clear
2008-11-30 13:00,28,-,17,41,1014,18,S,18.5,PartlyCloudy
2008-11-30 13:00,28.0,28.5,17.0,51,1013,-,S,18.5,Clear
2008-11-30 14:00,28.0,28.5,17.0,51,1012,-,SSW,22.2,Clear
2008-11-30 15:00,28.0,28.5,17.0,51,-,-,SSW,18.5,Clear
2008-11-30 16:00,25,-,16,48,1012,18,SSE,25.9,PartlyCloudy
2008-11-30 16:00,25.0,-,16.0,57,1010,-,SSE,25.9,Clear
